Date of Final Decision,Submission Number ,Device,Company,Panel (lead),Primary Product Code
9/27/2024,K240369,CAC (gated) Algorithm,BunkerHill Health,Radiology,JAK
9/27/2024,K241480,JBS-LVO,"JLK, Inc.",Radiology,QAS
9/27/2024,K240993,encevis (2.1),AIT Austrian Institute of Technology GmbH,Neurology,OMB
9/24/2024,K242292,uAI Easy Triage ICH,"Shanghai United Imaging Intelligence Co., Ltd.",Radiology,QAS
9/23/2024,K240013,EchoGo Heart Failure (2.0),Ultromics Limited,Cardiovascular,QUO
9/20/2024,K240036,PIUR tUS Infinity,PIUR Imaging GmbH,Radiology,QIH
9/13/2024,K240929,Sleep Apnea Notification Feature (SANF),Apple Inc.,Anesthesiology,QZW
9/12/2024,K241582,"Aplio i900/i800/i700 Diagnostic Ultrasound System, Software V7.0 (TUS-AI900, TUS-AI800, TUS-AI700)",Canon Medical Systems Corporation,Radiology,IYN
9/12/2024,K241280,Constellation (CON-001),"Q Bio, Inc.",Radiology,QIH
9/12/2024,K240942,CINA-CSpine,Avicenna.AI,Radiology,QAS
9/11/2024,K241380,FETOLY-HEART,Diagnoly,Radiology,IYN
9/10/2024,K240094,LumiNE US; Lumi,Augmedit B.V.,Radiology,QIH
9/9/2024,K240697,"See-Mode Augmented Reporting Tool, Thyroid (SMART-T)",See-Mode Technologies Pte. Ltd.,Radiology,QDQ
9/9/2024,K241681,Overjet Image Enhancement Assist,Overjet Inc,Radiology,QIH
9/9/2024,K240791,ADAS 3D,Adas3D Medical S.L,Radiology,QIH
9/6/2024,K240411,uAI Portal,"Shanghai United Imaging Intelligence Co., Ltd.",Radiology,QIH
9/5/2024,K233998,TRAQinform IQ,"AIQ Global, Inc.",Radiology,LLZ
9/4/2024,K233977,Velacur,Sonic Incytes,Radiology,IYO
8/30/2024,K242275,syngo.via MI Workflows; Scenium; syngo MBF,"Siemens Medical Solutions USA, Inc.",Radiology,QIH
8/30/2024,K242300,MI View&GO,"Siemens Medical Solutions USA, Inc.",Radiology,QIH
8/30/2024,K241847,Imbio PHA (4.0.0),"Imbio, Inc",Radiology,QIH
8/30/2024,K241585,uMI Panorama,"Shanghai United Imaging Healthcare Co.,Ltd.",Radiology,KPS
8/30/2024,K240003,Velmeni for Dentists (V4D),Velmeni Inc.,Radiology,MYN
8/29/2024,K233826,Kosmos,"EchoNous, Inc.",Radiology,IYN
8/27/2024,K241684,Overjet Charting Assist,"Overjet, Inc",Radiology,QIH
8/22/2024,K241098,NeuroQuant,"CorTechs Labs, Inc.",Radiology,QIH
8/21/2024,K240290,AiMIFY (1.x),"Subtle Medical, Inc.",Radiology,LLZ
8/20/2024,K240200,HYDROS Robotic System; HYDROS TRUS Probe; HYDROS Handpiece,Procept BioRobotics,General and Plastic Surgery,PZP
8/20/2024,K241496,"Vantage Galan 3T, MRT-3020, V10.0 with AiCE Reconstruction Processing Unit for MR",Canon Medical Systems Corporation,Radiology,LNH
8/19/2024,K241440,HealthCCSng,Nano-X AI Ltd.,Radiology,JAK
8/16/2024,K233755,HeartKey® Rhythm,B-Secur Limited,Cardiovascular,DQK
8/16/2024,K240740,qCT LN Quant,Qure.ai Technologies,Radiology,QIH
8/15/2024,K241211,CoLumbo,Smart Soft Healthcare,Radiology,QIH
8/15/2024,K241596,uMI Panvivo,"Shanghai United Imaging Healthcare Co., Ltd.",Radiology,KPS
8/12/2024,K242054,OptimMRI (v2),"Rebrain, SAS",Radiology,QIH
8/8/2024,K233822,i2Contour,MRIMath LLC,Radiology,QIH
8/5/2024,K240953,AI Platform 2.0 (AIP002),Exo Imaging,Radiology,QIH
8/5/2024,K233992,Precision AI Surgical Planning System (PAI-SPS),Precision AI Pty Ltd,Orthopedic,QHE
8/2/2024,K233984,Acumen Assisted Fluid Management (AFM) Software Feature,"Edwards Lifesciences, LLC",Cardiovascular,QMS
8/1/2024,K240301,MammoScreen® (3),Therapixel,Radiology,QDQ
8/1/2024,K234141,AISAP Cardio V1.0,Aisap,Radiology,POK
8/1/2024,K233731,CardIQ Suite,GE Medical Systems SCS,Radiology,JAK
7/25/2024,K241887,GI Genius™ Module 100 (GGM100.US); GI Genius™ Module 200 (GGM200.US); ColonPRO™ 4.0 (CPRO40.US); GI Genius™ Module 300 (GGM300-US); ColonPRO™ 4.0 (CPRO40S-US),Cosmo Artificial Intelligence - AI Ltd,Gastroenterology-Urology,QNP
7/24/2024,K240044,CADDIE,Odin Medical Limited,Gastroenterology-Urology,QNP
7/22/2024,K240704,"ACUSON Sequoia Diagnostic Ultrasound System, ACUSON Sequoia Select Diagnostic Ultrasound System, ACUSON Origin Diagnostic Ultrasound System, ACUSON Origin ICE  Diagnostic Ultrasound System","Siemens Medical Solutions, USA, Inc.",Radiology,IYN
7/17/2024,K241121,MICSI-RMT,"Microstructure Imaging, Inc.",Radiology,LLZ
7/17/2024,K240845,Rayvolve,AZmed SAS,Radiology,QBS
7/16/2024,K240944,Swoop® Portable MR Imaging® System,"Hyperfine, Inc.",Radiology,LNH
7/15/2024,K240285,Huxley SANSA Home Sleep Apnea Test (1000-00),Huxley Medical,Anesthesiology,MNR
7/12/2024,K234009,Acorn 3D Software (AC-SEG-4009); Acorn 3DP Model (AC-101-XX),Mighty Oak Medical,Radiology,QIH
7/12/2024,K233457,RUS,Hutom Inc.,Radiology,QIH
7/12/2024,K241727,BriefCase-Triage,"Aidoc Medical, Ltd.",Radiology,QAS
7/11/2024,K241329,SubtleSYNTH (1.x),"Subtle Medical, Inc.",Radiology,QIH
7/3/2024,K241508,SKOUT® system,"Iterative Scopes, Inc.",Gastroenterology-Urology,QNP
7/2/2024,K240736,SMART Bun-Yo-Matic X-Ray,Disior Ltd,Radiology,QIH
7/2/2024,K240555,Tyto Insights for Crackles Detection,Tyto Care Ltd.,Anesthesiology,PHZ
7/1/2024,K240353,Hyper Insight - ICH,SK Inc.,Radiology,QAS
6/25/2024,K240582,VEA Align; spineEOS,EOS imaging,Radiology,QIH
6/21/2024,K240465,O-arm O2 Imaging System,"Medtronic Navigation, Inc",Radiology,OWB
6/21/2024,K233196,Medihub Prostate,JLK Inc.,Radiology,QIH
6/21/2024,K233549,Tempus ECG-AF,"Tempus AI, Inc.",Cardiovascular,SBQ
6/21/2024,K233253,eCARTv5 Clinical Deterioration Suite (“eCART”),"AgileMD, Inc.",Cardiovascular,QNL
6/21/2024,K240631,"V8/XV8/XH8, V7/XV7/XH7, V6/XV6/XH6 Diagnostic Ultrasound System","Samsung Medison Co., Ltd.",Radiology,IYN
6/20/2024,K240642,SMART Bun-Yo-Matic CT,Disior Ltd,Radiology,QIH
6/14/2024,K233955,Clarius OB AI,Clarius Mobile Health Corp.,Radiology,IYN
6/14/2024,K241083,SIS System,"Surgical Information Sciences, Inc.",Radiology,QIH
6/13/2024,K233925,Relu Creator,Relu BV,Radiology,QIH
6/13/2024,K233662,Radiography 7300 C,Philips Medical Systems DMC GmbH,Radiology,KPR
6/12/2024,K240516,RS85 Diagnostic Ultrasound System,"Samsung Medison Co., Ltd.",Radiology,IYN
6/7/2024,K234042,EFAI Bonesuite XR Bone Age Pro Assessment System (BAP-XR-100),"Ever Fortune.AI Co., Ltd.",Radiology,QIH
6/7/2024,K241038,Cardiac CT Function Software Application,Circle Cardiovascular Imaging,Radiology,QIH
6/7/2024,K231010,Corvair,"AliveCor, Inc.",Cardiovascular,MHX
6/7/2024,K232035,Impala,"AliveCor, Inc.",Cardiovascular,DPS
5/31/2024,K240612,CINA-VCF,Avicenna.AI,Radiology,QFM
5/24/2024,K234154,uPMR 790,"Shanghai United Imaging Healthcare Co., Ltd.",Radiology,OUO
5/24/2024,K240769,LVivo IQS,DiA Imaging Analysis Ltd.,Radiology,QIH
5/23/2024,K233108,VinDr-Mammo,VinBigData Joint Stock Company,Radiology,QFM
5/23/2024,K240294,Syngo Carbon Enterprise Access (VA40A),Siemens Healthcare GmbH,Radiology,LLZ
5/21/2024,K233543,YSIO X.pree,Siemens Medical Solutions,Radiology,KPR
5/17/2024,DEN230035,DentalMonitoring,Dental Monitoring SAS,Dental,SBC
5/17/2024,K233209,uOmnispace.CT,"Shanghai United Imaging Healthcare Co., Ltd.",Radiology,QIH
5/16/2024,K233625,RAYDENT SW,"RAY Co., Ltd.",Dental,PNN
5/15/2024,K241112,BriefCase-Quantification,"Aidoc Medical, Ltd.",Radiology,QIH
5/15/2024,K233247,Heuron ICH,"Heuron Co., Ltd.",Radiology,QAS
5/15/2024,DEN230043,Notal Vision Home Optical Coherence Tomography (OCT) System,Notal Vision Inc,Ophthalmic,SAX
5/10/2024,K232410,SmartChest,Milvue,Radiology,QFM
5/7/2024,K232928,DeepContour (V1.0),"Wisdom Technologies., Inc.",Radiology,QKB
5/7/2024,K233864,ASSURE Wearable ECG,"Kestra Medical Technologies, Inc.",Cardiovascular,MWJ
5/3/2024,K233687,ECHELON Synergy V10.0,Fujifilm Healthcare Americas Corporation,Radiology,LNH
5/3/2024,K232491,CT 5300,"Philips Healthcare (Suzhou) Co., Ltd.",Radiology,JAK
5/3/2024,K232416,AUTION EYE AI-4510 Urine Particle Analysis System,Arkray Inc.,Hematology,LKM
4/30/2024,K232923,Ethos Treatment Management (3.0); Ethos Treatment Planning (2.0),Varian Medical Systems Inc.,Radiology,IYE
4/29/2024,K240062,ARVIS® Shoulder,"Insight Medical Systems, Inc.",Neurology,OLO
4/26/2024,K232799,syngo.via RT Image Suite,"Siemens Medical Solutions USA, Inc.",Radiology,MUJ
4/26/2024,K240406,Sonio Detect,Sonio,Radiology,IYN
4/26/2024,K233673,uMR Jupiter,"Shanghai United Imaging Healthcare Co., Ltd",Radiology,LNH
4/25/2024,K232331,InVision Precision LVEF (LVEF),InVision Medical Technology Corporation,Radiology,QIH
4/24/2024,K240850,EPIQ Series Diagnostic Ultrasound Systems; Affiniti Series Diagnostic Ultrasound Systems,Philips Ultrasound LLC,Radiology,IYN
4/23/2024,K240058,AEYE-DS,AEYE Health Inc.,Ophthalmic,PIB
4/22/2024,K234068,ART-Plan (v.2.2.0),Therapanacea SAS,Radiology,MUJ
4/22/2024,K233582,Rapid,iSchema View Inc.,Radiology,LLZ
4/19/2024,K240781,SKOUT® system,"Iterative Scopes, Inc.",Gastroenterology-Urology,QNP
4/17/2024,K233186,uOmnispace.MR,"Shanghai United Imaging Healthcare Co., Ltd.",Radiology,QIH
4/15/2024,K240773,VisAble.IO,Techsomed,Radiology,QTZ
4/12/2024,K240238,"Vantage Fortian/Orian 1.5T, MRT-1550, V9.0 with AiCE Reconstruction Processing Unit for MR",Canon Medical Systems Corporation,Radiology,LNH
4/11/2024,K233698,True Enhance DL,GE Healthcare Japan Corporation,Radiology,JAK
4/10/2024,K240744,uMR 680,"Shanghai United Imaging Healthcare Co., Ltd.",Radiology,LNH
4/9/2024,DEN230023,Rho,16 Bit Inc,Radiology,SAO
4/8/2024,K240291,EFAI CARDIOSUITE CTA ACUTE AORTIC SYNDROME ASSESSMENT SYSTEM,"Ever Fortune.AI, Co., Ltd.",Radiology,QAS
4/5/2024,K233666,CorVista System with PH Add-On,"Analytics for Life, Inc.",Cardiovascular,SAT
4/5/2024,K233249,APPRAISE-HRI,"The Surgeon General, Department of the Army (TSG-DA)",Cardiovascular,SAR
4/4/2024,K240172,Preview Shoulder,Genesis Software Innovations,Radiology,QIH
4/3/2024,K232899,AI-Rad Companion Organs RT,Siemens Medical Solutions U.S.A.,Radiology,QKB
4/3/2024,K233618,Oxevision Sleep Device,Oxehealth Limited,Neurology,LEL
4/2/2024,K232835,Aquilion ONE (TSX-308A/3) V1.4 with PIQE Reconstruction System,Canon Medical Systems Corporation,Radiology,JAK
4/2/2024,DEN230036,Sepsis ImmunoScore,"Prenosis, Inc.",General Hospital,SAK
4/1/2024,K233676,Us2.v2,Eko.ai Pte. Ltd d/b/a Us2.ai,Radiology,QIH
3/29/2024,K233211,AVIEW CAC,"Coreline Soft Co., Ltd.",Radiology,QIH
3/28/2024,K233657,NAEOTOM Alpha,"Siemens Medical Solutions USA, Inc.",Radiology,JAK
3/28/2024,K233409,Eko Low Ejection Fraction Tool (ELEFT),"Eko Health, Inc.",Cardiovascular,QYE
3/26/2024,K233650,SOMATOM go.Up; SOMATOM go.Now; SOMATOM go.All; SOMATOM go.Top; SOMATOM go.Sim; SOMATOM go.Open Pro; SOMATOM X.cite; SOMATOM X.ceed,"Siemens Medical Solutions USA, Inc.",Radiology,JAK
3/22/2024,K232322,MAGNETOM Terra; MAGNETOM Terra.X,"Siemens Medical Solutions USA, Inc.",Radiology,LNH
3/22/2024,K232431,syngo.CT Brain Hemorrhage,"Siemens Medical Solutions USA, Inc.",Radiology,QAS
3/22/2024,K240540,uMR Omega,"Shanghai United Imaging Healthcare Co., Ltd.",Radiology,LNH
3/21/2024,K233753,AI-Rad Companion (Pulmonary),Siemens Healthcare GmbH,Radiology,JAK
3/20/2024,K234047,Automatic Registration,Brainlab AG,Neurology,OLO
3/15/2024,K233342,CINA-ASPECTS,Avicenna.AI,Radiology,POK
3/13/2024,K233968,CINA-iPE,Avicenna.AI,Radiology,QAS
3/11/2024,K232140,OTS Hip,Ortoma AB,Neurology,OLO
3/8/2024,K233438,SleepStageML,"Beacon Biosignals, Inc.",Neurology,OLZ
3/7/2024,K233692,"Voluson Signature 20, Voluson Signature 18","GE Medical Systems Ultrasound and Primary care Diagnostics,",Radiology,IYN
3/6/2024,K231677,EdgeFlow UH10,Edgecare Inc.,Radiology,IYO
3/4/2024,K233738,Overjet Caries Assist-Pediatric,"Overjet, Inc",Radiology,MYN
3/1/2024,K233030,BoneMRI,MRIguidance B.V,Radiology,QIH
3/1/2024,K231690,iCAS-LV,HighRAD Ltd.,Radiology,QIH
2/29/2024,K232765,MAGNETOM Cima.X Fit,"Siemens Medical Solutions USA, Inc.",Radiology,LNH
2/29/2024,K231683,inHEART Models,"inHEART, SAS",Radiology,QIH
2/28/2024,K232613,CT Cardiomegaly,"Innolitics, LLC",Radiology,QIH
2/23/2024,K233590,Overjet Charting Assist,"Overjet, Inc",Radiology,QIH
2/22/2024,K233749,Revolution Ascend Sliding,"GE Hangwei Medical Systems Co., Ltd.",Radiology,JAK
2/21/2024,K232148,X-Guide Surgical Navigation System,"X-Nav Technologies, LLC",Dental,QRY
2/15/2024,K232915,EpiMonitor,Empatica Srl,Neurology,POS
2/13/2024,K231855,QOCA® image Smart RT Contouring System,Quanta Computer Inc.,Radiology,QKB
2/13/2024,K233788,"EPIQ Series Diagnostic Ultrasound System, Affiniti Series Diagnostic Ultrasound System",Philips Ultrasound LLC,Radiology,IYN
2/9/2024,K231355,Aurora,EnsoData,Anesthesiology,MNR
2/8/2024,K233080,HealthFLD,Nano-X AI Ltd.,Radiology,JAK
2/6/2024,DEN230041,Sleep Apnea Feature,"Samsung Electronics Co., Ltd",Anesthesiology,QZW
2/5/2024,K232363,"Viz HDS, Viz Volume Plus, Viz ICH+","Viz.ai, Inc.",Radiology,QIH
1/31/2024,K231396,CEPHX- Cephalometric Analysis Software,Orca Dental AI LTD,Radiology,LLZ
1/31/2024,DEN210035,“Genius™ Digital Diagnostics System with the Genius™ Cervical AI algorithm”,Hologic Inc.,Pathology,QYV
1/24/2024,K233195,"Aplio i900, Aplio i800 and Aplio i700 Software V8.1 Diagnostic Ultrasound System",Canon Medical Systems Corporation,Radiology,IYN
1/19/2024,K232156,Rapid ASPECTS (v3),"iSchemaView, Inc.",Radiology,POK
1/19/2024,K233728,SIGNA Champion,GE Healthcare (Tianjin) Company Limited,Radiology,LNH
1/18/2024,K232698,NemoScan,Software Nemotec S.L.,Radiology,QIH
1/17/2024,K231871,Radify Triage,Envisionit DeepAI Ltd,Radiology,QFM
1/16/2024,K233512,Rapid (6.0),"iSchemaView, Inc.",Radiology,QIH
1/13/2024,K233216,CLEWICU System,Clew Medical Ltd.,Cardiovascular,QNL
1/12/2024,K233677,Biograph VK10,"Siemens Medical Solutions USA, Inc.",Radiology,KPS
1/12/2024,K233964,GI Genius™ Module 100 (GGM100.US); GI Genius™ Module 200 (GGM200.US); ColonPRO™ 4.0 (CPRO40.US),Cosmo Artificial Intelligence - AI Ltd,Gastroenterology-Urology,QNP
1/12/2024,DEN230008,DermaSensor,DermaSensor Inc.,General and Plastic Surgery,QZS
1/12/2024,DEN220040,Fibresolve,"Imvaria, Inc",Radiology,QWO
1/11/2024,K232250,SurgiCount+ System,Stryker Instruments,General Hospital,PBZ
1/11/2024,DEN220066,BrainSee,"Darmiyan, Inc.",Neurology,QWT
1/8/2024,K232412,LungQ v3.0.0,Thirona BV,Radiology,JAK
1/8/2024,K231324,DASI Dimensions (V1.0),DASI Simulations,Radiology,QIH
1/7/2024,K231068,autoSCORE,Holberg EEG AS,Neurology,OMB
1/5/2024,K231917,VEA Align,EOS imaging,Radiology,QIH
1/4/2024,K232808,Butterfly iQ3 Ultrasound System,"Butterfly Network, Inc.",Radiology,IYN
1/3/2024,K231779,REMI AI Discrete Detection Module,"Epitel, Inc.",Neurology,OMB
12/26/2023,K231130,TumorSight Viz,"SimBioSys, Inc.",Radiology,QIH
12/22/2023,K231805,qXR-LN,Qure.ai Technologies,Radiology,MYN
12/22/2023,K232535,MAGNETOM Sola; MAGNETOM Altea,"Siemens Medical Solutions USA, Inc.",Radiology,LNH
12/22/2023,K232479,ART-Plan,TheraPanacea,Radiology,MUJ
12/21/2023,K233112,HM70 EVO Diagnostic Ultrasound System,"Samsung Medison CO., LTD.",Radiology,IYN
12/20/2023,K233176,uOmnispace.MI,"Shanghai United Imaging Healthcare Co., Ltd.",Radiology,LLZ
12/20/2023,K230850,United Orthopedic Knee Patient Specific Instrumentation,"Enhatch, Inc.",Orthopedic,OOG
12/18/2023,K231929,iQ-solutions,Sydney Neuroimaging Analysis Centre Pty Ltd,Radiology,QIH
12/18/2023,K231587,MAGNETOM Cima.X,"Siemens Medical Solutions USA, Inc.",Radiology,LNH
12/15/2023,K230751,EW10-EC02 Endoscopy Support Program,FUJIFILM Corporation,Gastroenterology-Urology,QNP
12/15/2023,K232384,Videa Dental Assist,"VideaHealth, Inc.",Radiology,MYN
12/14/2023,K231570,StrokeViewer Perfusion,NICo-Lab B.V.,Radiology,LLZ
12/13/2023,K232237,Tyto Insights for Wheeze Detection,Tyto Care Ltd.,Anesthesiology,PHZ
12/13/2023,K232231,QP-Brain®,Quibim S.L.,Radiology,QIH
12/11/2023,K232096,Transpara Density 1.0.0,Screenpoint Medical B.V.,Radiology,QIH
12/8/2023,K223757,Bonelogic,Disior Ltd,Radiology,LLZ
12/8/2023,K231898,DTX Studio Clinic (4.0),Nobel Biocare AB,Radiology,LLZ
12/7/2023,K232381,LOGIQ Totus,"GE Medical Systems Ultrasound and Primary care Diagnostics,",Radiology,IYN
12/7/2023,K232661,Myocardial Strain Software Application,Circle Cardiovascular Imaging,Radiology,LLZ
12/6/2023,K233562,LINQ II Insertable Cardiac Monitor,"Medtronic, Inc.",Cardiovascular,MXD
12/6/2023,K233334,Aquilion Serve SP (TSX-307B/1) V1.3,Canon Medical Systems Corporation,Radiology,JAK
12/5/2023,K232440,Adravision Perio,Adra Corporation,Radiology,QIH
12/5/2023,K233568,Ceevra Reveal 3+,"Ceevra, Inc.",Radiology,QIH
12/1/2023,K232856,Syngo Carbon Clinicals,Siemens Healthcare GmbH,Radiology,QIH
11/30/2023,K233545,EPIQ Series Diagnostic Ultrasound System,Philips Ultrasound LLC,Radiology,IYN
11/29/2023,K230179,6440 MyLabX90,Esaote S.p.A.,Radiology,IYN
11/28/2023,K231631,BriefCase-Quantification,"Aidoc Medical, Ltd.",Radiology,JAK
11/28/2023,K232000,syngo.via MI Workflows; Scenium; syngo MBF,"Siemens Medical Solutions USA, Inc.",Radiology,QIH
11/27/2023,K233243,ClearPoint System (Software Version 2.2),ClearPoint Neuro Inc.,Neurology,HAW
11/21/2023,K232496,Brainomix 360 Triage Stroke,Brainomix Limited,Radiology,QAS
11/17/2023,K232501,AI Platform (AIP001),Exo Inc,Radiology,QIH
11/15/2023,K232841,Axial3D Insight,Axial Medical Printing Limited,Radiology,QIH
11/14/2023,K232494,MAGNETOM Avanto fit; MAGNETOM Skyra fit,"Siemens Medical Solutions USA, Inc.",Radiology,LNH
11/13/2023,K232083,BriefCase-Quantification,"Aidoc Medical, Ltd.",Radiology,QIH
11/13/2023,K232257,Clarius Bladder AI,Clarius Mobile Health Corp.,Radiology,QIH
11/9/2023,K223754,BraveCX,Bering Ltd,Radiology,QFM
11/9/2023,K231617,MAGNETOM Free.Max; MAGNETOM Free.Star,"Siemens Medical Solutions USA, Inc.",Radiology,LNH
11/8/2023,K231765,Contour ProtégéAI,MIM Software Inc.,Radiology,QKB
11/8/2023,K230534,BriefCase-Quantification,"Aidoc Medical, Ltd.",Radiology,QIH
11/7/2023,K231989,"LOGIQ E10s, LOGIQ Fortis","GE Medical Systems Ultrasound and Primary Care Diagnostic,",Radiology,IYN
11/7/2023,K231966,LOGIQ E10,"GE Medical Systems Ultrasound and Primary care Diagnostics,",Radiology,IYN
11/6/2023,K231470,Lunit INSIGHT DBT,Lunit Inc.,Radiology,QDQ
11/3/2023,K231955,aprevo® Digital Segmentation,"Carlsmed, Inc.",Radiology,QIH
10/30/2023,K232145,"ACUSON Sequoia Diagnostic Ultrasound System, ACUSON Sequoia Select Diagnostic Ultrasound System, ACUSON Origin Diagnostic Ultrasound System","Siemens Medical Solutions USA, Inc.",Radiology,IYN
10/30/2023,K232751,BriefCase-Triage,"Aidoc Medical, Ltd.",Radiology,QAS
10/30/2023,K231965,"Voluson Expert 22, Voluson Expert 20, Voluson Expert 18","GE Medical Systems Ultrasound and Primary Care Diagnostics,",Radiology,IYN
10/27/2023,K230854,SwiftMR,AIRS Medical Inc.,Radiology,LLZ
10/27/2023,K232045,MeVis Liver Suite,MeVis Medical Solutions AG,Radiology,JAK
10/26/2023,K232500,Lumify Diagnostic Ultrasound System,Philips Ultrasound,Radiology,IYN
10/25/2023,K232436,Rapid SDH,"iSchemaView, Inc.",Radiology,QAS
10/25/2023,K230842,SignalHF (IM008),Implicity Inc.,Cardiovascular,QNL
10/23/2023,K231764,Ultrasound System 1300,BK Medical Aps,Radiology,IYN
10/23/2023,K231560,MAGNETOM Vida; MAGNETOM Lumina; MAGNETOM Aera; MAGNETOM Skyra; MAGNETOM Prisma; MAGNETOM Prisma fit,"Siemens Medical Solutions USA, Inc.",Radiology,LNH
10/23/2023,K232305,AI-Rad Companion Brain MR,Siemens Medical Solutions U.S.A.,Radiology,QIH
10/20/2023,K230209,Sonix Health,"Ontact Health Co., Ltd.",Radiology,QIH
10/13/2023,K230370,SpotLight/SpotLight Duo (with DLIR option),Arineta Ltd.,Radiology,JAK
10/13/2023,K231642,Veuron-Brain-pAb3,"Heuron Co., Ltd.",Radiology,LLZ
10/11/2023,K230220,NeuViz 128 Multi-Slice CT Scanner System,"Neusoft Medical Systems Co., Ltd.",Radiology,JAK
10/6/2023,K223905,Vivio® LVEDP System,"Avicena, LLC",Cardiovascular,QUO
10/6/2023,K230144,Denti.AI Detect,"Denti.AI Technology, Inc.",Radiology,MYN
10/6/2023,K232760,Swoop® Portable MR Imaging System®,"Hyperfine, Inc.",Radiology,LNH
10/6/2023,K232787,ScanNav Anatomy Peripheral Nerve Block,Intelligent Ultrasound Limited,Anesthesiology,QRG
10/5/2023,K232704,Clarius Ultrasound Scanner,Clarius Mobile Health Corp.,Radiology,IYN
10/5/2023,K231001,DeepTek CXR Analyzer v1.0,DeepTek Medical Imaging Pvt Ltd,Radiology,MYN
10/5/2023,K232367,cmAngio® V1.0,"CureMetrix, Inc.",Radiology,QIH
10/4/2023,K231025,EFAI NeuroSuite CT ICH Assessment System,"Ever Fortune.AI Co., Ltd.",Radiology,QAS
10/4/2023,K231398,VUNO Med-DeepBrain,VUNO Inc.,Radiology,QIH
10/4/2023,K232023,Momentum Spine,Momentum Health Inc.,Radiology,LDK
10/3/2023,K230085,Lung-CAD,"Imagen Technologies, Inc",Radiology,MYN
10/3/2023,K232712,uMI Panorama,"Shanghai United Imaging Healthcare Co., Ltd.",Radiology,KPS
10/3/2023,K231772,"V8/H8 Diagnostic Ultrasound System, V7/H7 Diagnostic Ultrasound System, V6/H6 Diagnostic Ultrasound System","Samsung Medison Co., Ltd.",Radiology,IYN
9/29/2023,K230045,HipCheck,Stryker Corp.,Radiology,QIH
9/28/2023,K232699,Low Ejection Fraction AI-ECG Algorithm,"Anumana, Inc.",Cardiovascular,QYE
9/28/2023,K231837,Brainomix 360 Triage LVO,Brainomix Limited,Radiology,QAS
9/27/2023,K232616,Volta AF-Xplorer,Volta Medical,Cardiovascular,DQK
9/26/2023,K230252,OFIX MIS App,Orthofix US LLC,Radiology,LLZ
9/25/2023,K231928,EFAI RTSUITE CT HCAP-Segmentation System,"Ever Fortune.AI Co., Ltd.",Radiology,QKB
9/22/2023,K231384,Annalise Enterprise CTB Triage Trauma,Annalise-AI Pty Ltd.,Radiology,QAS
9/22/2023,K231767,Annalise Enterprise CTB Triage Trauma,Annalise-AI Pty Ltd,Radiology,QAS
9/22/2023,K231149,qXR-CTR,Qure.ai Technologies,Radiology,QIH
9/22/2023,K223659,Jazz,AI Medical AG,Radiology,LLZ
9/21/2023,K231678,Overjet Periapical Radiolucency Assist,"Overjet, Inc",Radiology,MYN
9/19/2023,K231281,Aquilion Serve (TSX-307A/1) V1.3,Canon Medical Systems Corporation,Radiology,JAK
9/19/2023,K221309,AI100 with Shonit,SigTuple Technologies Pvt. Ltd.,Hematology,JOY
9/14/2023,K220034,NEUROShield,In-Med Prognostics L3C,Radiology,LLZ
9/13/2023,K223811,Lung-CAD,"Imagen Technologies, Inc",Radiology,MYN
9/12/2023,K231748,Cartesion Prime (PCD-1000A/3) V10.15,Canon Medical Systems Corporation,Radiology,KPS
9/12/2023,K232526,"XIDF-AWS801, Angio Workstation (Alphenix Workstation), V9.5",Canon Medical Systems Corporation,Radiology,JAA
9/9/2023,K223864,"Alignment System Cranial, Alignment Software Cranial, Cirq Alignment Software Cranial Biopsy, Cirq Alignment Software Cranial sEEG, Varioguide Alignment Software Cranial",Brainlab AG,Neurology,HAW
9/8/2023,K231335,Cleerly ISCHEMIA,"Cleerly, Inc",Cardiovascular,QXZ
9/8/2023,K222921,Minuteful-kidney test,Healthy.io Ltd.,Clinical Chemistry,JIR
9/8/2023,K232686,CorVista® System,"CorVista Health, Inc.",Cardiovascular,QXX
9/8/2023,K223621,DeepXray,"Alpha Intelligence Manifolds, Inc.",Radiology,QIH
9/7/2023,K231207,"CARTO™ 3 EP Navigation System Software V8.0 (FG-5400-00, FG-5400-00U)","Biosense Webster, Inc.",Cardiovascular,DQK
9/6/2023,K232482,MAGNETOM Viato.Mobile,"Siemens Medical Solutions USA, Inc.",Radiology,LNH
9/1/2023,K223622,FaceHeart Vitals Software Development Kit (FH vitals SDK),FaceHeart Corp.,Cardiovascular,QME
8/30/2023,K230355,"Vantage Galan 3T, MRT-3020, V9.0 with AiCE Reconstruction Processing Unit for MR",Canon Medical Systems Corporation,Radiology,LNH
8/28/2023,K223639,VisAble.IO,TechsoMed,Radiology,QTZ
8/25/2023,K223180,AIRAscore,AIRAmed GmbH,Radiology,LLZ
8/23/2023,K230812,Withings Scan Monitor 2.0,Withings,Cardiovascular,DPS
8/22/2023,K230899,qXR-PTX-PE,Qure.ai Technologies,Radiology,QFM
8/18/2023,K223539,Dreem 3S,"Beacon Biosignals, Inc.",Neurology,OLZ
8/15/2023,K231094,Annalise Enterprise CTB Triage-OH,Annalise-AI Pty Ltd,Radiology,QAS
8/3/2023,DEN230003,Viz HCM,"Viz.ai, Inc.",Cardiovascular,QXO
8/3/2023,K223133,VisiRad XR,Imidex Inc.,Radiology,MYN
8/2/2023,K223553,"Spine Planning (2.0), Elements Spine Planning, Elements Planning Spine",Brainlab AG,Neurology,OLO
7/27/2023,K230074,Rapid Aneurysm Triage and Notification,iSchemaView Inc.,Radiology,QFM
7/27/2023,K231195,Brainomix 360 Triage ICH,Brainomix Limited,Radiology,QAS
7/26/2023,K231038,Global Hypoperfusion Index (GHI) Algorithm,"Edwards Lifesciences, LLC",Cardiovascular,QNL
7/26/2023,K231572,uMI Panorama,"Shanghai United Imaging Healthcare Co., Ltd.",Radiology,KPS
7/25/2023,K223473,ME-APDS™; MAGENTIQ-COLO™,Magentiq Eye LTD,Gastroenterology-Urology,QNP
7/25/2023,K230913,ANDI,"Imeka Solutions, Inc.",Radiology,QIH
7/25/2023,K230365,Sonio Detect,Sonio,Radiology,IYN
7/24/2023,K223347,UltraSight AI Guidance,UltraSight Inc.,Radiology,QJU
7/21/2023,K223288,"Cranial Navigation, Navigation Software Cranial, Navigation Software Craniofacial, Cranial EM System, Automatic Registration iMRI",Brainlab AG,Neurology,HAW
7/21/2023,K231173,Irregular Rhythm Notification Feature (IRNF),Apple Inc.,Cardiovascular,QDB
7/21/2023,K230150,OptimMRI,"RebrAIn, SAS",Radiology,QIH
7/20/2023,K230039,uOmnispace,"Shanghai United Imaging Healthcare Co., Ltd",Radiology,QIH
7/19/2023,K231157,syngo.CT Lung CAD (Version VD30),Siemens Healthcare GmbH,Radiology,OEB
7/14/2023,K223106,"Brainlab Elements Image Fusion, Contouring (4.5);Image Fusion  (4.5);Fibertracking (2.0);BOLD MRI Mapping  (1.0);Image Fusion Angio  (1.0)",Brainlab AG,Radiology,QIH
7/13/2023,K223424,Spine Auto Views,GE Medical Systems SCS,Radiology,JAK
7/13/2023,K231833,Biograph Vision.X and Biograph Vision.X Edge,"Siemens Medical Solutions USA, Inc.",Radiology,KPS
7/13/2023,K223426,ECHELON Synergy MRI system,FUJIFILM Healthcare Corporation,Radiology,LNH
7/12/2023,K230823,AusculThing ACC,AusculThing Oy,Cardiovascular,DQD
7/10/2023,K223724,MOZI TPS,"Manteia Technologies Co., Ltd.",Radiology,MUJ
7/7/2023,K231668,Spine CAMP™ (1.1),"Medical Metrics, Inc.",Radiology,QIH
7/3/2023,K222745,Axial3D Insight,Axial Medical Printing Limited,Radiology,QIH
6/29/2023,DEN200052,KidneyIntelX.dkd,"Renalytix AI, Inc.",Clinical Chemistry,QWZ
6/29/2023,K230337,EarliPoint,"EarliTec Diagnostics, Inc",Neurology,QPF
6/22/2023,K230497,Bladder AI (AIBV01),Exo Inc,Radiology,QIH
6/20/2023,K230346,Voluson SWIFT; Voluson SWIFT+,"GE Medical Systems Ultrasound & Primary Care Diagnostic, LLC",Radiology,IYN
6/20/2023,K231459,HepaFatSmart (V2.0.0),Resonance Health Analysis Services Pty Ltd,Radiology,LNH
6/16/2023,K223556,DeepCatch,"MEDICALIP Co., Ltd",Radiology,QIH
6/16/2023,K223357,EyeArt v2.2.0,"Eyenuk, Inc.",Ophthalmic,PIB
6/16/2023,K223646,IB Lab LAMA,IB Lab GmbH,Radiology,QIH
6/13/2023,K230112,CAC Software,"Imbio, Inc.",Radiology,JAK
6/6/2023,K223855,"FEops HEARTguideTM, FEops HEARTguideTM ALPACA",FEops nv,Radiology,QIH
5/30/2023,K223523,Sonic DL,"GE Medical Systems,LLC (GE Healthcare)",Radiology,LNH
5/25/2023,K230273,Saranas Early Bird Bleed Monitoring System,Saranas Inc.,Cardiovascular,QFJ
5/25/2023,K223491,"Critical Care Suite with Pneumothorax Detection AI Algorithm, Critical Care Suite 2.1, Critical Care Suite","GE Medical Systems, LLC",Radiology,QBS
5/23/2023,K230096,Genius AI Detection 2.0 with CC-MLO Correlation,"Hologic, Inc.",Radiology,QDQ
5/23/2023,K223504,Ceribell Status Epilepticus Monitor,"Ceribell, Inc.",Neurology,OMB
5/19/2023,K212758,Autoplaque,Cedars-Sinai Medical Center: AIM,Radiology,LLZ
5/19/2023,K231143,GI Genius System 100 and GI Genius System 200,Cosmo Artificial Intelligence - AI Ltd,Gastroenterology-Urology,QNP
5/17/2023,K222728,Radiation Planning Assistant (RPA),"University of Texas, MD Anderson Cancer Center",Radiology,MUJ
5/12/2023,K231190,EPIQ Series Diagnostic Ultrasound System,Philips Ultrasound LLC,Radiology,IYN
5/11/2023,K223623,SubtleMR (2.3.x),Subtle Medical Inc.,Radiology,LLZ
5/10/2023,K220437,Neurophet AQUA,"NEUROPHET, Inc.",Radiology,LLZ
5/4/2023,K223771,Lumify Diagnostic Ultrasound System,Philips Ultrasound,Radiology,IYN
5/4/2023,K230082,Auto Segmentation,"GE Medical Systems, LLC",Radiology,QKB
5/2/2023,K230977,SIS System,"Surgical Information Sciences, Inc.",Radiology,QIH
5/2/2023,K230292,Samsung ECG Monitor Application with Irregular Heart Rhythm Notification,"Samsung Electronics Co., Ltd",Cardiovascular,QDA
4/27/2023,K223734,ENT EM,Brainlab AG,Neurology,PGW
4/27/2023,K223212,Precision DL,GE Healthcare,Radiology,KPS
4/26/2023,K230553,"LINQ II Insertable Cardiac Monitor, CareLink SmartSync LINQ II ICM Application","Medtronic, Inc.",Cardiovascular,MXD
4/26/2023,K230552,MR DWI/FLAIR Measurement V1.0,Olea Medical,Radiology,LLZ
4/25/2023,K230223,iCAC Device,"Bunkerhill, Inc",Radiology,JAK
4/25/2023,K222676,Ceevra Reveal 3,"Ceevra, Inc.",Radiology,QIH
4/21/2023,K223501,ViewFinder Software Version 1.1,Elaitra Ltd,Radiology,QIH
4/21/2023,K230084,HERA W10 Diagnostic Ultrasound System; HERA W9 Diagnostic Ultrasound System,"Samsung Medison CO., LTD.",Radiology,IYN
4/20/2023,K230807,Deep Learning Image Reconstruction,GE Healthcare Japan Corporation,Radiology,JAK
4/20/2023,K223287,Velacur,Sonic Incytes,Radiology,IYO
4/19/2023,K230023,ART-Plan,Therapanacea SAS,Radiology,QKB
4/19/2023,K223552,"Brainlab Elements – Trajectory Planning (2.6), Elements Stereotaxy, Elements Lead Localization, Elements Trajectory Planning Cranial",Brainlab AG,Neurology,HAW
4/17/2023,K230772,Quantib Prostate,Quantib BV,Radiology,LLZ
4/14/2023,K230685,AutoContour Model RADAC V3,"Radformation, Inc.",Radiology,QKB
4/13/2023,K230264,Ezra Flash,"Ezra AI, Inc.",Radiology,LLZ
4/13/2023,K213986,CerebralGo Plus,"Yukun (Beijing) Technology Co., Ltd",Radiology,QIH
4/11/2023,K223830,Ultrasound System 2300,BK Medical Aps,Radiology,IYN
4/7/2023,K230575,Limbus Contour,Limbus AI Inc.,Radiology,LLZ
4/7/2023,K230658,SKOUT® system,Iterative Scopes Inc.,Gastroenterology-Urology,QNP
4/6/2023,K223458,"Ingenia, Ingenia CX, Ingenia Elition, Ingenia Ambition, MR 5300 and MR 7700 MR Systems",Philips Medical Systems Nederland B.V.,Radiology,LNH
4/6/2023,K223774,Contour ProtégéAI,MIM Software Inc.,Radiology,QKB
4/6/2023,K222360,AI-Rad Companion (Cardiovascular),Siemens Medical Solutions U.S.A.,Radiology,JAK
4/5/2023,K223630,"Reveal LINQ Insertable Cardiac Monitor, LINQ II Insertable Cardiac Monitor, AccuRhythm AI ECG Classification System","Medtronic, Inc.",Cardiovascular,MXD
4/3/2023,K223240,Annalise Enterprise CTB Triage Trauma,Annalise-AI Pty Ltd,Radiology,QAS
3/31/2023,K220068,Butterfly iQ/iQ+ Ultrasound System,"Butterfly Network, Inc.",Radiology,IYO
3/31/2023,K213272,Formus Hip,"Formus Labs, Ltd",Radiology,QIH
3/31/2023,DEN200011,Masimo SafetyNet,Masimo Corporation,Anesthesiology,QVT
3/29/2023,K222312,RayStation 12A,RaySearch Laboratories AB (publ),Radiology,MUJ
3/28/2023,K221921,DTX Studio Clinic 3.0,Nobel Biocare AB,Radiology,MYN
3/28/2023,K222268,Annalise Enterprise CXR Triage Trauma,Annalise-AI Pty Ltd,Radiology,QFM
3/28/2023,K222174,RadioLens v1.0,Synapsica,Radiology,QIH
3/28/2023,K222179,Annalise Enterprise CXR Triage Trauma,Annalise-AI Pty Ltd,Radiology,QFM
3/28/2023,K223343,MAGNETOM Amira; MAGNETOM Sempra,Siemens Medical Solutions USA Inc.,Radiology,LNH
3/27/2023,K222746,Overjet Caries Assist,"Overjet, Inc.",Radiology,MYN
3/22/2023,K222036,MPXA-2000,"Medipixel, Inc.",Radiology,QIH
3/21/2023,K223490,FlightPlan for Embolization,GE Medical Systems SCS,Radiology,LLZ
3/17/2023,K221772,NeuroRPM,New Touch Digital Inc.,Neurology,GYD
3/17/2023,K223073,Alio,"Alio, Inc.",Cardiovascular,DRG
3/17/2023,K223443,Viz AAA,"Viz. ai, Inc.",Radiology,QFM
3/10/2023,K223325,uMI Panorama,"Shanghai United Imaging Healthcare Co., Ltd.",Radiology,KPS
3/9/2023,K223514,Spectral Bone Marrow,"GE Medical Systems, LLC",Radiology,JAK
3/9/2023,K221706,AccuContour,"Manteia Technologies Co., Ltd.",Radiology,QKB
3/7/2023,K223726,Aquilion Precision (TSX-304A/4) V10.14 with AiCE,Canon Medical Systems Corporation,Radiology,JAK
3/3/2023,K222819,Aquilion Serve (TSX-307A/1) V1.2 with AiCE-i,Canon Medical Systems Corporation,Radiology,JAK
3/2/2023,K222176,BoneView,Gleamer,Radiology,QBS
3/2/2023,K222884,Rapid NCCT Stroke,"iSchemaView, Inc.",Radiology,QAS
3/1/2023,K221680,Xeleris V Processing and Review System,GE Healthcare,Radiology,LLZ
2/24/2023,DEN220063,Caption Interpretation Automated Ejection Fraction Software,"Caption Health, Inc",Radiology,QVD
2/24/2023,K221592,AVIEW Lung Nodule CAD,"Coreline Soft Co.,Ltd.",Radiology,OEB
2/23/2023,K222579,Belun Sleep System BLS-100,Belun Technology Company Limited,Anesthesiology,MNR
2/23/2023,K221564,Brainomix 360 e-ASPECTS,Brainomix Limited,Radiology,POK
2/22/2023,K230197,BoneMRI v1.6,MRIguidance B.V.,Radiology,QIH
2/22/2023,K230208,Swoop® Portable MR Imaging System™,"Hyperfine, Inc.",Radiology,LNH
2/17/2023,DEN210022,PMD-200,Medasense Biometrics Ltd.,Anesthesiology,QVE
2/16/2023,K223028,uCT ATLAS Astound with uWS-CT-Dual Energy Analysis,"Shanghai United Imaging Healthcare Co., Ltd.",Radiology,JAK
2/16/2023,K222755,uMR 680,"Shanghai United Imaging Intelligence Co., Ltd.",Radiology,LNH
2/15/2023,K222389,ZEUS System,"iRhythm Technologies, Inc.",Cardiovascular,DQK
2/13/2023,K223387,"V8 Diagnostic Ultrasound System, V7 Diagnostic Ultrasound System","Samsung Medison Co., Ltd.",Radiology,IYN
2/13/2023,K223439,SIGNA Victor,GE Healthcare (Tianjin) Company Limited,Radiology,LNH
2/6/2023,K223296,Videa Perio Assist,"VideaHealth, Inc.",Radiology,QIH
2/2/2023,K222803,Oncospace,"Oncospace, Inc.",Radiology,MUJ
2/1/2023,K230020,BriefCase,"Aidoc Medical, Ltd.",Radiology,QFM
2/1/2023,K223396,Rapid RV/LV,iSchema View Inc.,Radiology,QIH
2/1/2023,K222970,LVivo IQS,DiA Imaging Analysis Ltd,Radiology,QIH
1/27/2023,K221868,QOCA image Smart CXR Image Processing System,Quanta Computer Inc.,Radiology,QFM
1/23/2023,K222406,Clarius AI,Clarius Mobile Health Corp.,Radiology,QIH
1/21/2023,K223516,VX1+,Volta Medical,Cardiovascular,DQK
1/18/2023,K222593,TruPlan Computed Tomography (CT) Imaging Software,"Circle Cardiovascular Imaging, Inc.",Radiology,LLZ
1/13/2023,K223502,MR Diffusion Perfusion Mismatch V1.0,Olea Medical,Radiology,LLZ
1/12/2023,K222458,AIBOLIT 3D+,"Aibolit Technologies, LLC",Radiology,LLZ
1/11/2023,K223738,Alpha Control Liner System (ACLS),Coapt,Neurology,GXY
12/23/2022,K223442,MR 5300 and MR 7700 R11 MR Systems,Philips Medical Systems Nederlands B.V.,Radiology,LNH
12/23/2022,K214036,AVIEW,"Coreline Soft Co.,Ltd.",Radiology,QIH
12/22/2022,K223311,Philips CT 3500,"Philips Healthcare (Suzhou) Co., Ltd",Radiology,JAK
12/16/2022,K222275,Saige-Density,"DeepHealth, Inc.",Radiology,QIH
12/16/2022,K223268,BrainInsight,"Hyperfine, Inc.",Radiology,QIH
12/16/2022,K220928,Overjet Calculus Assist,Overjet Inc.,Radiology,MYN
12/6/2022,K223247,Swoop Portable MR Imaging System,"Hyperfine, Inc.",Radiology,LNH
12/5/2022,K222692,BriefCase,"Aidoc Medical, Ltd.",Radiology,QFM
12/1/2022,K220786,STAR Apollo Mapping System,"Rhythm Al, Ltd",Cardiovascular,DQK
11/22/2022,K221716,CINA,AVICENNA.AI,Radiology,QAS
11/22/2022,K221624,Avenda Health AI Prostate Cancer Planning Software,"Avenda Health, Inc.",Radiology,POK
11/21/2022,K223032,SIS System (Version 5.6.0),"Surgical Information Sciences, Inc.",Radiology,QIH
11/18/2022,K221330,BriefCase,"Aidoc Medical, Ltd.",Radiology,QAS
11/16/2022,K221762,BoneMRI v1.4,MRlguidance B.V.,Radiology,QIH
11/14/2022,K222428,Syngo Dynamics (Version VA40F),"Siemens Medical Solutions USA, Inc.",Radiology,QIH
11/10/2022,K221183,AEYE-DS,"AEYE Health, Inc.",Ophthalmic,PIB
11/10/2022,K220408,AVIEW RT ACS,"Coreline Soft Co.,Ltd",Radiology,QKB
11/8/2022,K221552,EFAI ChestSuite XR Pneumothorax Assessment System,"Ever Fortune AI Co., Ltd.",Radiology,QFM
10/27/2022,K220332,uMR Omega with uWS-MR-MRS,"Shanghai United Imaging Healthcare Co.,Ltd.",Radiology,LNH
10/25/2022,K222070,EndoNaut,Therenva SAS,Radiology,OWB
10/21/2022,K223042,Viz LVO ContaCT,"Viz.ai, Inc.",Radiology,QAS
10/20/2022,K222361,AI-Rad Companion (Musculoskeletal),"Siemens Medical Solutions USA, Inc.",Radiology,JAK
10/18/2022,K221632,Spine CAMP™,"Medical Metrics, Inc.",Radiology,QIH
10/14/2022,K221305,AI-Rad Companion Organs RT,"Siemens Medical Solutions USA, Inc",Radiology,QKB
10/14/2022,K213857,HeartFlow Analysis,"HeartFlow, Inc.",Cardiovascular,PJA
10/7/2022,K220709,BriefCase,"Aidoc Medical, Ltd.",Radiology,QAS
10/6/2022,K221449,Genius AI Detection 2.0,"Hologic, Inc.",Radiology,QDQ
10/5/2022,K221892,VISIONAIR,PacificMD Biotech Llc,Anesthesiology,BXQ
9/30/2022,K211611,QIR Suite,CASIS Cardiac Simulation & Imaging Software,Radiology,QIH
9/29/2022,K220080,CogNet QmTRIAGE,"MedCognetics, Inc.",Radiology,QFM
9/28/2022,K222329,BriefCase,"Aidoc Medical, Ltd.",Radiology,QAS
9/27/2022,K221738,NS-HGlio,Neosoma Inc.,Radiology,QIH
9/21/2022,K221179,SomnoMetry,Neumetry Medical Inc,Neurology,OLZ
9/20/2022,K213353,Aorta-CAD,"Imagen Technologies, Inc",Radiology,MYN
9/13/2022,K221733,"MAGNETOM Sola, MAGNETOM Altea, MAGNETOM Sola Fit","Siemens Medical Solutions USA, Inc.",Radiology,LNH
9/12/2022,K221456,Rapid ICH,iSchemaView Inc.,Radiology,QAS
9/12/2022,K220986,Aquilion Precision (TSX-304A/4) V10.10 with AiCE,Canon Medical Systems Corporation,Radiology,JAK
9/8/2022,K222076,EFAI ChestSuite XR Pleural Effusion Assessment System,"Ever Fortune.AI Co., Ltd.",Radiology,QFM
9/7/2022,K220783,syngo.via RT Image Suite,Siemens Medical Solutions USA Inc.,Radiology,MUJ
9/6/2022,K213960,LiverMultiScan v5 (LMSv5),Perspectum,Radiology,LNH
9/1/2022,K221241,DrAid for Radiology v1,VinBrain Joint Stock Company,Radiology,QFM
8/29/2022,K221100,Viz RV/LV,"Viz.ai, Inc.",Radiology,QIH
8/26/2022,K222277,BriefCase,"Aidoc Medical, Ltd.",Radiology,QAS
8/25/2022,K211841,MRI Planner,Spectronic Medical AB,Radiology,MUJ
8/25/2022,K221962,LINQ II Insertable Cardiac Monitor,"Medtronic, Inc.",Cardiovascular,MXD
8/24/2022,K220598,AutoContour Model RADAC V2,"Radformation, Inc.",Radiology,QKB
8/22/2022,K221599,HS40 Diagnostic Ultrasound System,"Samsung Medison Co., Ltd.",Radiology,IYN
8/19/2022,K222172,MI View&GO,"Siemens Medical Solutions USA, Inc.",Radiology,QIH
8/12/2022,K213686,SKOUT Software,Iterative Scopes Inc.,Gastroenterology-Urology,QNP
8/12/2022,K220349,TeraRecon Neuro,"TeraRecon, Inc",Radiology,LLZ
8/11/2022,K213713,AI-Rad Companion (Pulmonary),Siemens Healthcare GmBh,Radiology,JAK
8/8/2022,K213645,ClearPoint Maestro Brain Model,"ClearPoint Neuro, Inc.",Radiology,QIH
8/3/2022,K221347,Transpara 1.7.2,ScreenPoint Medical B.V.,Radiology,QDQ
8/3/2022,K221432,Customize,3D-Side SA,Radiology,QIH
7/29/2022,K213760,ABMD Software,HeartLung Corporation,Radiology,KGI
7/29/2022,K220961,Deep Learning Image Reconstruction,GE Healthcare Japan Corporation,Radiology,JAK
7/28/2022,K213998,cvi42 Auto Imaging Software Application,Circle Cardiovascular Imaging Inc,Radiology,QIH
7/28/2022,K221923,Swoop Portable MR Imaging System,"Hyperfine, Inc.",Radiology,LNH
7/27/2022,K210822,DeepRhythmAI,Medicalgorithmics S.A.,Cardiovascular,DQK
7/25/2022,K220439,Viz SDH,"Viz.ai, Inc.",Radiology,QAS
7/22/2022,K220940,"EchoPAC Software Only, EchoPAC Plug-in","GE Medical Systems Ultrasound and Primary Care Diagnostics,",Radiology,QIH
7/22/2022,K220882,"Vivid E80, Vivid E90, Vivid E95",GE Medical Systems Ultrasound and,Radiology,IYN
7/22/2022,K220624,AI4CMR v1.0,AI4MedImaging Medical Solutions S.A.,Radiology,LLZ
7/20/2022,K220956,Libby Echo:Prio,"Dyad Medical, Inc",Radiology,QIH
7/19/2022,K213357,"Study Watch with Irregular Pulse Monitor (Home), Study Watch with Irregular Pulse Monitor",Verily Life Sciences LLC,Cardiovascular,DXH
7/19/2022,K220815,BrainInsight,"Hyperfine, Inc.",Radiology,QIH
7/19/2022,K213409,ZEUS System (Zio Watch),"iRhythm Technologies, Inc.",Cardiovascular,DQK
7/18/2022,K221147,"Vivid T8, Vivid T9","GE Medical Systems Ultrasound and Primary Care Diagnostics,",Radiology,IYN
7/18/2022,K221148,Vivid iq,GE Medical Systems Ultrasound & Primary Care Diagnostics LLC,Radiology,IYN
7/15/2022,K220619,"Vivid S60N, Vivid S70N","GE Medical Systems Ultrasound and Primary Care Diagnostics,",Radiology,IYN
7/14/2022,K221203,AHI System,Fifth Eye Inc.,Cardiovascular,QNV
7/13/2022,K221727,syngo.CT Extended Functionality,"Siemens Medical Solutions USA, Inc.",Radiology,JAK
7/8/2022,K212783,ProstatID,"ScanMed, LLC",Radiology,QDQ
7/6/2022,K210069,Minuteful - kidney test,Healthy.io Ltd.,Clinical Chemistry,JIR
6/29/2022,K213794,Eko Murmur Analysis Software (EMAS),"Eko Devices, Inc.",Cardiovascular,DQD
6/29/2022,K220975,"V8 Diagnostic Ultrasound System, V7 Diagnostic Ultrasound System","Samsung Medison Co., Ltd.",Radiology,IYN
6/27/2022,K220851,Venue,GE Medical Systems,Radiology,IYN
6/27/2022,K220848,Venue Fit,GE Medical Systems,Radiology,IYN
6/24/2022,K220575,"MAGNETOM Free.Max, MAGNETOM Free.Star","Siemens Medical Solutions USA, Inc.",Radiology,LNH
6/23/2022,K220497,CoLumbo,Smart Soft Healthcare AD,Radiology,QIH
6/21/2022,K220800,Venue Go,GE Medical Systems Ultrasound and Primary Care Diagnostics,Radiology,IYN
6/17/2022,K220813,ART-PLAN,TheraPanacea,Radiology,QKB
6/17/2022,K213037,IDx-DR v2.3,Digital Diagnostics Inc.,Ophthalmic,PIB
6/17/2022,K221463,ElucidVivo A.3,Elucid Bioimaging Inc.,Radiology,LLZ
6/16/2022,K213504,"Aquilion ONE (TSX-306A/3) V10.12 with Spectral Imaging System, Vitrea Software Package, VSTP-001A",Canon Medical Systems Corporation,Radiology,JAK
6/10/2022,K221393,Swoop Portable MR Imaging System,"Hyperfine, Inc.",Radiology,LNH
6/8/2022,K213882,EarliPoint System,"EarliTec Diagnostics, Inc.",Neurology,QPF
6/8/2022,K213717,AIR Recon DL,"GE Medical Systems,LLC (GE Healthcare)",Radiology,LNH
6/6/2022,K220358,"Voluson Expert 22, Voluson Expert 20, Voluson Expert 18","GE Medical Systems Ultrasound and Primary Care Diagnostics,",Radiology,IYN
6/3/2022,K213971,Atrial Fibrillation History Feature,Apple Inc.,Cardiovascular,QDB
6/3/2022,K221314,BriefCase,"Aidoc Medical, Ltd.",Radiology,QAS
6/2/2022,K220164,Rayvolve,AZmed SAS,Radiology,QBS
5/31/2022,K221248,Rapid LVO,iSchemaView Inc.,Radiology,QAS
5/31/2022,K220766,eMurmur Heart AI,CSD Labs GmbH,Cardiovascular,DQD
5/25/2022,K220416,SwiftMR,AIRS Medical Inc.,Radiology,LLZ
5/17/2022,K221240,BriefCase,"Aidoc Medical, Ltd.",Radiology,QAS
5/17/2022,K220499,Rapid PE Triage and Notification (PETN),iSchemaView Inc.,Radiology,QAS
5/17/2022,K221219,syngo.CT CaScoring,"Siemens Medical Solutions USA, Inc.",Radiology,JAK
5/16/2022,K213583,"Achieva, Ingenia, Ingenia CX, Ingenia Elition and Ingenia Ambition MR Systems",Philips Medical Systems Nederland B.V.,Radiology,LNH
5/13/2022,K220589,MAGNETOM Skyra Fit,"Siemens Medical Solutions USA, Inc.",Radiology,LNH
5/13/2022,K221106,Quantib Prostate,Quantib BV,Radiology,LLZ
5/12/2022,K220105,Saige-Dx,"DeepHealth, Inc.",Radiology,QDQ
5/11/2022,K220446,Versana Balance,"GE Medical Systems Ultrasound and Primary Care Diagnostics,",Radiology,IYN
5/10/2022,K212519,Overjet Caries Assist,"Overjet, Inc.",Radiology,MYN
5/6/2022,K211966,Segment 3DPrint,Medviso AB,Radiology,LLZ
5/3/2022,K212915,MVision AI Segmentation,MVision AI,Radiology,QKB
5/3/2022,K220013,X100HT with Slide Loader with Full Field Peripheral Blood Smear (PBS) Application,Scopio Labs Ltd.,Hematology,JOY
4/29/2022,K220590,aPROMISE X,EXINI Diagnostics AB,Radiology,LLZ
4/29/2022,K220939,MAGNETOM Lumina and MAGNETOM Vida Fit with syngo MR XA50A,Siemens Medical Solutions USA Inc.,Radiology,LNH
4/29/2022,K220899,Oxehealth Vital Signs,Oxehealth Limited,Cardiovascular,QME
4/28/2022,K220264,EFAI RTSuite CT HN-Segmentation System,"Ever Fortune.AI Co., Ltd.",Radiology,QKB
4/27/2022,K212441,Philips Incisive CT,"Philips Healthcare (Suzhou) Co., Ltd.",Radiology,JAK
4/26/2022,K213886,BriefCase,"Aidoc Medical, Ltd.",Radiology,QAS
4/26/2022,K212662,AliveCor QT Service,"AliveCor, Inc.",Cardiovascular,DQK
4/22/2022,K213944,HealthOST,NanoxAI Ltd.,Radiology,JAK
4/21/2022,K213795,Videa Caries Assist,"VideaHealth, Inc",Radiology,MYN
4/15/2022,K213706,AI-Rad Companion Brain MR,Siemens Healthcare GmBh,Radiology,QIH
4/15/2022,K220141,RayStation 11B,RaySearch Laboratories AB (publ),Radiology,MUJ
4/8/2022,K220192,"Vantage Galan 3T, MRT-3020, V8.0 with AiCE Reconstruction Processing Unit for MR",Canon Medical Systems Corporation,Radiology,LNH
4/8/2022,K212274,INT Contour,Carina Medical LLC,Radiology,MUJ
4/6/2022,K203783,ClariPulmo,ClariPi Inc.,Radiology,LLZ
4/5/2022,K220043,"HERA W10 Diagnostic Ultrasound System, HERA W9 Diagnostic Ultrasound System","Samsung Medison Co., LTD",Radiology,IYN
4/5/2022,K214081,MRCAT Head & Neck,Philips Oy,Radiology,MUJ
4/4/2022,K212624,EFAI Intelligent Cardiothoracic Ratio (iCTR) Assessment System,"Ever Fortune. AI Co., Ltd.",Radiology,QIH
4/1/2022,K213657,DEEPVESSEL FFR,KeyaMed NA Inc.,Cardiovascular,PJA
4/1/2022,K220151,MAGNETOM Avanto Fit,"Siemens Medical Solutions USA, Inc.",Radiology,LNH
3/22/2022,K200828,Athelas Home,Athelas Inc.,Hematology,GKZ
3/22/2022,K212960,"Aplio a550, Aplio a450, and Aplio a, Diagnostic Ultrasound System, Software V6.5",Canon Medical Systems Corporation,Radiology,IYN
3/21/2022,K213721,BriefCase,"Aidoc Medical, Ltd.",Radiology,QAS
3/16/2022,K213779,Customize,3D-Side SA,Radiology,QIH
3/14/2022,K214043,BriefCase,"Aidoc Medical, Ltd.",Radiology,QFM
3/14/2022,K203744,Arterys MICA,Arterys Inc.,Radiology,QIH
3/11/2022,K213725,CardIQ Suite,GE Medical Systems SCS,Radiology,JAK
3/10/2022,K213566,ClearRead Xray Pneumothorax,"Riverain Technologies, Inc.",Radiology,QFM
3/4/2022,K210365,Second Opinion,Pearl Inc.,Radiology,MYN
3/1/2022,K212365,BoneView,Gleamer,Radiology,QBS
2/25/2022,K213693,MAGNETOM Vida with syngo MR XA50A,"Siemens Medical Solutions USA, Inc.",Radiology,LNH
2/24/2022,K213941,Annalise Enterprise CXR Triage Pneumothorax,Annalise-AI,Radiology,QFM
2/18/2022,K213999,Deep Learning Image Reconstruction,"GE Medical Systems, LLC.",Radiology,JAK
2/18/2022,K213319,"Viz ANEURYSM, Viz ANX","Viz.ai, Inc.",Radiology,QFM
2/17/2022,K213689,"Voluson P6, Voluson P8",GE Healthcare,Radiology,IYN
2/11/2022,K213603,SIGNA Artist Evo,GE Healthcare(Tianjin) Company Limited,Radiology,LNH
2/8/2022,K213165,Rapid,iSchema View Inc.,Radiology,LLZ
2/4/2022,K212654,"Micro C Medical Imaging System, M01","OXOS Medical, Inc.",Radiology,IZL
2/4/2022,K213938,Revolution Ascend,GE Healthcare Japan Corporation,Radiology,JAK
2/3/2022,K213976,Contour ProtégéAI,MIM Software Inc.,Radiology,QKB
1/28/2022,K203260,syngo.CT Brain Hemorrhage,"Siemens Medical Solutions USA, Inc.",Radiology,QAS
1/24/2022,K212333,"Aplio i900/i800/i700 Diagnostic Ultrasound System, Software V6.5",Canon Medical Systems Corporation,Radiology,IYN
1/20/2022,K214019,syngo.CT Extended Functionality,"Siemens Medical Solutions USA, Inc.",Radiology,JAK
1/20/2022,K213668,SIGNA Hero,"GE Healthcare (GE Medical Systems, LLC)",Radiology,LNH
1/19/2022,K212012,Follicle Clarity,Cycle Clarity,Radiology,QIH
1/19/2022,K210747,Caption Interpretation Automated Ejection Fraction Software,Caption Health,Radiology,QIH
1/16/2022,K211980,SIGNA Prime,GE Healthcare (Tianjin) Company Limited,Radiology,LNH
1/14/2022,K213737,Quantib ND,Quantib B.V.,Radiology,LLZ
1/14/2022,K213307,Eclipse II with Smart Noise Cancellation,"Carestream Health, Inc.",Radiology,MQB
1/14/2022,K210760,Precise Image,"Philips Medical Systems Nederland, B.V.",Radiology,JAK
1/13/2022,K213642,"Voluson S6, Voluson S8, Voluson S8t, Voluson S10, Voluson S10 Expert",GE Healthcare,Radiology,IYN
1/12/2022,K212005,UNiD Spine Analyzer,"MEDICREA International, Inc.",Radiology,LLZ
1/7/2022,K211443,AIBOLIT 3D+,"AIbolit Technologies, LLC",Radiology,LLZ
1/6/2022,K213544,TOMTEC-ARENA,TOMTEC Imaging Systems GmbH,Radiology,QIH
12/29/2021,K213776,LiverSmart,Resonance Health Analysis Services Pty Ltd,Radiology,PCS
12/22/2021,K202404,BoneMRI,MRIguidance B.V,Radiology,QIH
12/21/2021,K212690,qXR-BT,Qure.ai Technologies,Radiology,QIH
12/21/2021,K210670,BU-CAD,TaiHao Medical Inc.,Radiology,QDQ
12/20/2021,K213275,EchoGo Core (2.0),Ultromics Limited,Radiology,QIH
12/16/2021,K212616,Koios DS,"Koios Medical, Inc.",Radiology,POK
12/16/2021,K213628,VBrain,Vysioneer Inc.,Radiology,QKB
12/15/2021,K211803,HealthPPT,Zebra Medical Vision Ltd.,Radiology,QFM
12/15/2021,K213155,RT-Mind-AI,"MedMind Technology Co., Ltd.",Radiology,QKB
12/9/2021,K212466,LVivo Seamless,DiA Imaging Analysis Ltd,Radiology,QIH
12/6/2021,K213096,Al-Rad Companion (Pulmonary),"Siemens Medical Solutions USA, Inc.",Radiology,JAK
12/3/2021,K212219,AHI System,Fifth Eye Inc.,Cardiovascular,QNV
12/1/2021,K213305,"Vantage Fortian 1.5T, MRT-1550, V8.0 with AiCE Reconstruction Processing Unit for MR",Canon Medical Systems Corporation,Radiology,LNH
11/26/2021,K211541,MammoScreen 2.0,Therapixel,Radiology,QDQ
11/19/2021,K211326,EndoScreener,"Chengdu Wision Medical Device Co., LTD.",Gastroenterology-Urology,QNP
11/19/2021,K210831,OnQ Neuro,"CorTechs Labs, Inc",Radiology,QIH
11/17/2021,K212336,Soteria.AI,"Omega Medical Imaging, LLC",Radiology,OWB
11/17/2021,K212456,Swoop Point-of-Care Magnetic Resonance Imaging (POC MRI) Scanner System,"Hyperfine, Inc.",Radiology,LNH
11/17/2021,K211678,Lunit INSIGHT MMG,Lunit Inc.,Radiology,QDQ
11/16/2021,K212265,"TEX20/TEX20 Pro/TEX20S/TEX20T/TEX20 Exp/TEX20 Elite Diagnostic Ultrasound System, TEX10/ TEX10 Pro/TEX10S/TEX10T/TEX10 Exp/TEX10 Elite/TE X/TE X Lite Diagnostic Ultrasound System","Shenzhen Mindray Bio-Medical Electronics Co.,LTD",Radiology,IYN
11/15/2021,K213436,Clarius Ultrasound Scanner,Clarius Mobile Health Corp.,Radiology,IYN
11/10/2021,K211733,Lunit INSIGHT CXR Triage,Lunit Inc.,Radiology,QFM
11/3/2021,K210543,IM007,"Implicity, Inc.",Cardiovascular,DQK
10/29/2021,K211161,Critical Care Suite with Endotracheal Tube Positing AI algorithm,"GE Medical Systems, LLC",Radiology,QIH
10/25/2021,K212218,Advanced Algorithms for Treatment Management Applications (AATMA),Elekta Solutions AB,Radiology,QKB
10/22/2021,K210807,FlightPlan for Liver,GE Medical Systems SCS,Radiology,LLZ
10/22/2021,K212516,IRNF App,Apple Inc.,Cardiovascular,QDB
10/20/2021,K210632,Contour ProtegeAI,MIM Software Inc.,Radiology,QKB
10/14/2021,K212261,StrokeSENS LVO,"Circle Neurovascular Imaging, Inc",Radiology,QAS
10/14/2021,K210999,SwiftMR,AIRS Medical Inc.,Radiology,LLZ
10/12/2021,K212116,VBrain-OAR,Vysioneer Inc.,Radiology,QKB
10/2/2021,K202927,EYE-SYNC,"SyncThink, Inc.",Neurology,QEA
9/28/2021,K211964,SubtlePET,"Subtle Medical, Inc.",Radiology,KPS
9/24/2021,K212704,"Philips EPIQ Diagnostic Ultrasound System, Philips Affiniti Diagnostic Ultrasound System",Philips Medical Systems,Radiology,IYN
9/21/2021,DEN200080,Paige Prostate,Paige.AI,Pathology,QPN
9/17/2021,K212269,Intelligent NR,Canon Inc.,Radiology,MQB
9/17/2021,K212067,Deep Learning Image Reconstruction,GE Healthcare Japan Corporation,Radiology,JAK
9/15/2021,K210085,HealthCCSng,Zebra Medical Vision Ltd.,Radiology,JAK
9/10/2021,K203785,ClariSIGMAM,ClariPi Inc.,Radiology,QIH
9/10/2021,K210438,Versana Premier,"GE Medical Systems Ultrasound and Primary Care Diagnostics,",Radiology,IYN
9/10/2021,K211828,Aquilion Exceed LB,Canon Medical Systems Corporation,Radiology,JAK
9/9/2021,K211824,"HERA W9, HERA W10 Diagnostic Ultrasound System","Samsung Medison Co., Ltd.",Radiology,IYN
9/8/2021,DEN200030,FEops HEARTguide,FEops NV,Cardiovascular,QQI
9/8/2021,K211597,"EPIQ Series Diagnostic Ultrasound System, Affiniti Series Diagnostic Ultrasound System",Philips Medical Systems,Radiology,IYN
9/8/2021,K203555,AmCAD-UT,AmCad BioMed Corporation,Radiology,QIH
9/8/2021,K211867,RayStation 11.0,RaySearch Laboratories AB (publ),Radiology,MUJ
9/8/2021,K211945,V8 Diagnostic Ultrasound System,"Samsung Medison CO., LTD.",Radiology,IYN
9/2/2021,K211881,AI Segmentation,"Varian Medical Systems, Inc.",Radiology,MUJ
8/31/2021,K201560,Auto Lung Nodule Detection,"Samsung Electronics Co.,Ltd.",Radiology,MYN
8/31/2021,K212383,EndoNaut,Therenva SAS,Radiology,OWB
8/27/2021,K203696,RBknee,Radiobotics ApS,Radiology,LLZ
8/20/2021,K211846,Discovery MI Gen2,"GE Medical Systems, LLC.",Radiology,KPS
8/16/2021,K212230,TruSPECT  Radiological Image Processing Station,Spectrum Dynamics Medical Ltd,Radiology,LLZ
8/12/2021,K211179,InferRead CT Stroke.AI,"Infervision Medical Technology Co., Ltd.",Radiology,QAS
8/11/2021,K203448,uCT ATLAS with uWS-CT-Dual Energy Analysis,"Shanghai United Imaging Healthcare Co., Ltd.",Radiology,JAK
8/6/2021,K211764,Vereos PET/CT,Philips Medical Systems Nederland B.V.,Radiology,KPS
8/6/2021,K212100,Kosmos,"EchoNous, Inc.",Radiology,IYN
8/2/2021,K211431,breastscape v1.0,Olea Medical,Radiology,QIH
7/30/2021,K211222,qER-Quant,Qure.ai Technologies,Radiology,QIH
7/30/2021,K211379,syngo.via RT Image Suite,Siemens Medical Solutions USA Inc.,Radiology,MUJ
7/27/2021,K212074,ClariCT.AI,ClariPi Inc.,Radiology,LLZ
7/27/2021,K210791,Us2.v1,eko.ai Pte. Ltd. d/b/a Us2.ai,Radiology,QIH
7/27/2021,K211279,Volpara Imaging Software,Volpara Health Technologies Limited,Radiology,LLZ
7/27/2021,K211655,aPROMISE,EXINI Diagnostics AB,Radiology,LLZ
7/23/2021,K211951,GI Genius,Cosmo Artificial Intelligence - AI Ltd,Gastroenterology-Urology,QNP
7/20/2021,K210719,Change Healthcare Anatomical AI,Change Healthcare Canada Company,Radiology,QIH
7/20/2021,K211906,Vital Signs,Oxehealth Limited,Cardiovascular,QME
7/20/2021,K210666,Chest-CAD,"Imagen Technologies, Inc",Radiology,MYN
7/12/2021,K211506,PowerLook Density Assessment V4.0,"iCAD, Inc.",Radiology,QIH
7/8/2021,K211788,HALO,Nico.Lab B.V.,Radiology,QAS
7/1/2021,K210611,MAGNETOM Free.Max,"Siemens Medical Solutions USA, Inc.",Radiology,LNH
6/29/2021,K210645,RayStation 10.1,RaySearch Laboratories AB (publ),Radiology,MUJ
6/17/2021,K203514,Precise Position,"Philips Healthcare (Suzhou) Co., Ltd.",Radiology,JAK
6/16/2021,K202718,Qmenta Care Platform Family,"Mint Labs, Inc., d/b/a. QMENTA",Radiology,LLZ
6/16/2021,K210034,EnsoSleep,"EnsoData, Inc.",Neurology,OLZ
6/11/2021,K210484,"LINQ II Insertable Cardiac Monitor, Zelda AI ECG Classification System","Medtronic, Inc.",Cardiovascular,MXD
6/10/2021,K211459,"syngo.via MI WorkFlows, Scenium, syngo MBF","Siemens Medical Solutions USA, Inc.",Radiology,QIH
6/10/2021,K203629,IDx-DR,Digital Diagnostics Inc.,Ophthalmic,PIB
6/8/2021,K210458,"OPTIS Mobile Next Imaging System, OPTIS Integrated Next Imaging System",Abbott Medical,Radiology,NQQ
6/2/2021,K210404,Transpara 1.7.0,ScreenPoint Medical B.V.,Radiology,QDQ
6/2/2021,DEN200069,Cognoa ASD Diagnosis Aid,"Cognoa, Inc.",Neurology,QPF
5/21/2021,K202527,Zio ECG Utilization Software (ZEUS) System,"iRhythm Technologies, Inc.",Cardiovascular,DQK
5/19/2021,K210237,CINA CHEST,Avicenna.AI,Radiology,QAS
5/19/2021,K210187,Overjet Dental Assist,"Overjet, Inc.",Radiology,LLZ
5/13/2021,K211118,SIGNA 7.0T,"GE Medical Systems, LLC",Radiology,LNH
5/13/2021,K210426,HS40 Diagnostic Ultrasound System,"Samsung Medison CO., LTD.",Radiology,IYN
4/30/2021,K210001,HYPER AiR,"Shanghai United Imaging Healthcare Co.,Ltd.",Radiology,KPS
4/23/2021,K203502,MEDO-Thyroid,MEDO DX Pte. Ltd.,Radiology,QIH
4/23/2021,K203314,Cartesion Prime (PCD-1000A/3) V10.8,Canon Medical Systems Corporation,Radiology,KPS
4/21/2021,K210556,Preview Shoulder,Genesis Software Innovations,Radiology,QIH
4/20/2021,K203610,Automatic Anatomy Recognition (AAR),"Quantitative Radiology Solutions, LLC",Radiology,QKB
4/19/2021,K203469,AI Segmentation,"Varian Medical Systems, Inc.",Radiology,MUJ
4/16/2021,K203517,Saige-Q,"DeepHealth, Inc.",Radiology,QFM
4/14/2021,K202992,"BriefCase, RIB Fractures Triage (RibFx)","Aidoc Medical, Ltd.",Radiology,QFM
4/9/2021,DEN200055,GI Genius,"Cosmo Artificial Intelligence - AI, LTD",Gastroenterology-Urology,QNP
4/2/2021,K202441,Eclipse II with Smart Noise Cancellation,"Carestream Health, Inc.",Radiology,MQB
4/2/2021,K202928,DV. Target,Deepvoxel INC,Radiology,QKB
4/1/2021,DEN200038,Gili Pro BioSensor (also known as “Gili BioSensor System”),ContinUse Biometrics Ltd.,Cardiovascular,QOK
3/31/2021,K210071,SIS System (Version 5.1.0),"Surgical Information Sciences, Inc.",Radiology,LLZ
3/31/2021,K203443,"MAGNETOM Vida, MAGNETOM Sola, MAGNETOM Lumina, MAGNETOM Altea","Siemens Medical Solutions USA, Inc.",Radiology,LNH
3/31/2021,K203258,syngo.CT Lung CAD,Siemens Healthcare GmbH,Radiology,OEB
3/26/2021,DEN200019,Oxehealth Vital Signs,Oxehealth Limited,Cardiovascular,QME
3/24/2021,K203225,Aquilion ONE (TSX-306A/3) V10.4 with Spectral Imaging System,Canon Medical Systems Corporation,Radiology,JAK
3/23/2021,K210209,Viz ICH,"Viz.ai, Inc.",Radiology,QAS
3/19/2021,K203235,VBrain,Vysioneer Inc.,Radiology,QKB
3/12/2021,K202284,Oncospace,"Oncospace, Inc.",Radiology,MUJ
3/12/2021,K203822,ProFound AI Software V3.0,iCAD Inc.,Radiology,QDQ
3/9/2021,K203256,Imbio RV/LV Software,"Imbio, LLC",Radiology,QIH
3/5/2021,K202300,"Optellum Virtual Nodule Clinic, Optellum software, Optellum platform",Optellum Ltd,Radiology,POK
3/4/2021,K203323,"Vantage Galan 3T, MRT-3020, V6.0 with AiCE Reconstruction Processing Unit for MR",Canon Medical Systems Corporation,Radiology,LNH
3/2/2021,K203617,MaxFOV 2,"GE Medical Systems, LLC.",Radiology,JAK
3/1/2021,DEN200022,Analytic for Hemodynamic Instability (AHI),Fifth Eye Inc.,Cardiovascular,QNV
2/26/2021,K203182,SubtleMR,"Subtle Medical, Inc.",Radiology,LLZ
2/25/2021,K203578,"OTIS 2.1 Optical Coherence Tomography System, THiA Optical Coherence Tomography System","Perimeter Medical Imaging AI, Inc.",Radiology,NQQ
2/25/2021,K202990,NinesMeasure,"Nines, Inc.",Radiology,LLZ
2/19/2021,K202212,TruPlan,Circle Cardiovascular Imaging Inc.,Radiology,LLZ
2/9/2021,K203103,"Synapse 3D, Synapse 3D Base Tools v6.1",Fujifilm Corporation,Radiology,LLZ
2/5/2021,K210053,LVivo Software Application,DiA Imaging Analysis Ltd,Radiology,QIH
2/4/2021,K203582,QUIBIM Precision Prostate (qp-Prostate),QUIBIM S.L.,Radiology,LLZ
1/29/2021,K201411,Visage Breast Density,Visage Imaging GmbH,Radiology,QIH
1/15/2021,K193271,uAI EasyTriage-Rib,"Shanghai United Imaging Intelligence Co., Ltd.",Radiology,QFM
1/15/2021,K202767,"Vantage Orian 1.5T, MRT-1550, V6.0",Canon Medical Systems Corporation,Radiology,LNH
1/14/2021,K202700,ART-Plan,TheraPanacea,Radiology,QKB
1/12/2021,K201836,Aquilion Lightning (TSX-036A/7) V10.2 with AiCE-i,Canon Medical Systems Corporation,Radiology,JAK
1/12/2021,K203280,Hepatica v1 (Hepatica v1.0.0),Perspectum Ltd.,Radiology,LNH
1/11/2021,P200003,Imagio Breast Imaging System,"Seno Medical Instruments, Inc.",Radiology,QNK
1/9/2021,K200717,CLEWICU System (ClewICUServer and ClewICUnitor),CLEW Medical Ltd.,Cardiovascular,QNL
1/8/2021,K203329,HeartFlow Analysis,"HeartFlow, Inc.",Cardiovascular,PJA
1/7/2021,K202414,BrainInsight,"Hyperfine Research, Inc",Radiology,LLZ
12/29/2020,K203508,BriefCase,"Aidoc Medical, Ltd.",Radiology,QAS
12/22/2020,K202229,AI Metrics,"AI Metrics, LLC",Radiology,LLZ
12/18/2020,K201555,EchoGo Pro,Ultromics Ltd,Radiology,POK
12/10/2020,K203042,Aquilion Exceed LB (TSX-202A/3) V10.6 with AiCE-I,Canon Medical Systems Corporation,Radiology,JAK
12/10/2020,K201745,Deep Learning Image Reconstruction for Gemstone Spectral Imaging,"GE Medical Systems, LLC",Radiology,JAK
12/7/2020,K201039,HepaFat-AI,Resonance Health Analysis Services Pty Ltd,Radiology,LNH
12/4/2020,K202487,HealthJOINT,Zebra Medical Vision Ltd.,Radiology,LLZ
11/20/2020,K203169,Revolution Ascend,GE Healthcare Japan Corporation,Radiology,JAK
11/20/2020,K193287,CorInsights MRI,"ADM Diagnostics, Inc.",Radiology,LLZ
11/20/2020,K200873,HALO,NICo-Lab B.V.,Radiology,QAS
11/18/2020,K201195,"syngo.via MI Workflows, syngo MBF","Siemens Medical Solutions USA, Inc.",Radiology,QIH
11/18/2020,K201019,Genius AI Detection,"Hologic, Inc.",Radiology,QDQ
11/17/2020,K193306,PROView,GE Medical Systems SCS,Radiology,LLZ
11/12/2020,K201985,KardiaAI,"AliveCor, Inc.",Cardiovascular,DQK
11/12/2020,K193289,"FastStroke, CT Perfusion 4D",GE Medical Systems SCS,Radiology,JAK
11/6/2020,K193562,AI-Rad Companion Organs RT,"Siemens Medical Solutions USA, Inc.",Radiology,QKB
11/6/2020,K200750,Neuro.Al Algorithm,"TeraRecon, Inc.",Radiology,LLZ
10/30/2020,K202013,WRDensity by Whiterabbit.ai,Whiterabbit.ai Inc.,Radiology,QIH
10/30/2020,K200323,AutoContour,"Radformation, Inc.",Radiology,QKB
10/28/2020,K202089,"LensHooke X1 PRO Semen Quality Analyzer, LensHooke X1 PRO SE Semen Quality Analyzer","Bonraybio Co., Ltd.",Hematology,POV
10/16/2020,K201710,A View LCS,"Coreline Soft Co., Ltd.",Radiology,LLZ
10/16/2020,K200595,"CellaVision DC-1, CellaVision DC-1 PPA",CellaVision AB,Hematology,JOY
10/15/2020,K201615,SIGNA 7.0T,"GE Medical Systems, LLC",Radiology,LNH
10/11/2020,K202501,Quantib Prostate,Quantib BV,Radiology,LLZ
10/9/2020,K193631,"Stethee Pro 1, Stethee Pro Software System",M3DICINE Pty Ltd.,Cardiovascular,DQD
10/2/2020,K202280,Cleerly Labs v2.0,"Cleerly, Inc.",Radiology,LLZ
10/2/2020,K202170,LiverMultiScan,Perspectum LTD,Radiology,LNH
10/2/2020,K201301,X100 with Full Field Peripheral Blood Smear (PBS) Application,Scopio Labs LTD.,Hematology,JOY
9/30/2020,K192051,THINQ,CorticoMetrics LLC,Radiology,LLZ
9/29/2020,K202546,LVivo Seamless,DiA Imaging Analysis Ltd,Radiology,QIH
9/25/2020,K201103,Xeleris V Processing and Review Systems,GE Healthcare,Radiology,LLZ
9/24/2020,K200569,RayStation,RaySearch Laboratories AB (publ),Radiology,MUJ
9/18/2020,K200852,"EchoPAC Software Only, EchoPAC Plug-In",GE Medical Systems Ultrasound and Primary Care Diagnostics,Radiology,LLZ
9/18/2020,K201992,Caption Guidance,Caption Health,Radiology,QJU
9/16/2020,K201369,AVA (Augmented Vascular Analysis),See-Mode Technologies Pte. Ltd.,Radiology,LLZ
9/16/2020,K201298,VX1,Volta Medical,Cardiovascular,DQK
9/15/2020,K192665,"Accelerate Pheno System, Accelerate PhenoTest BC Kit","Accelerate Diagnostics, Inc.",Microbiology,PRH
9/9/2020,K200851,"Vivid T8, Vivid T9",GE Medical Systems Ultrasound and Primary Care Diagnostics,Radiology,IYN
9/9/2020,K200708,Vivid iq,GE Medical Systems Ultrasound and,Radiology,IYN
9/6/2020,K201841,EyeBOX,"Oculogica, Inc.",Neurology,QEA
9/4/2020,K202238,SIGNA Artist,GE Healthcare (Tianjin) Company Limited,Radiology,LNH
9/2/2020,K200833,RX-1 Rhythm Express Remote Cardiac Monitoring System,VivaQuant Inc.,Cardiovascular,MLO
8/26/2020,K201020,BriefCase,"Aidoc Medical, Ltd.",Radiology,QAS
8/26/2020,K200714,AVIEW,"Coreline Soft Co., Ltd",Radiology,LLZ
8/14/2020,K201632,TOMTEC-ARENA,TOMTEC Imaging Systems GmbH,Radiology,LLZ
8/13/2020,K201232,Limbus Contour,Limbus AI Inc.,Radiology,LLZ
8/13/2020,K201444,Syngo.via RT Image Suite,"Siemens Medical Solutions USA, Inc.",Radiology,MUJ
8/7/2020,K200990,VIDAvision,VIDA Diagnostics Inc.,Radiology,JAK
8/7/2020,K201310,Accipiolx,MaxQ Al Ltd.,Radiology,QAS
8/4/2020,K193210,HYPER DLR,"Shanghai United Imaging Healthcare Co., Ltd.",Radiology,KPS
8/3/2020,K200667,EyeArt,"Eyenuk, Inc",Ophthalmic,PIB
7/30/2020,K193417,FractureDetect (FX),"Imagen Technologies, Inc.",Radiology,QBS
7/30/2020,K193283,AI-Rad Companion Prostate MR,Siemens Medical Solutions USA Inc.,Radiology,QIH
7/23/2020,K200743,Vivid E80/ Vivid E90/ Vivid E95,GE Medical Systems Ultrasound and,Radiology,IYN
7/22/2020,K200621,Caption Interpretation Automated Ejection Fraction Software,Caption Health,Radiology,QIH
7/16/2020,K200497,"Vivid S60N, Vivid S70N",GE Medical Systems Ultrasound and Primary Care Diagnostics,Radiology,IYN
7/16/2020,K200905,HealthMammo,Zebra Medical Vision Ltd.,Radiology,QFM
7/14/2020,K193097,"Vantage Orian 1.5T, MRT-1550, V6.0 with AiCE Reconstruction Processing Unit for MR",Canon Medical Systems Corporation,Radiology,LNH
7/10/2020,K193294,AI-Rad Companion Engine,"Siemens Medical Solutions USA, Inc.",Radiology,LLZ
7/10/2020,K192969,Ezra Plexo Software,Ezra AI Inc.,Radiology,QIH
7/9/2020,K200941,Rapid LVO,iSchemaView Inc.,Radiology,QAS
7/6/2020,K193073,Deep Recon,"Shanghai United Imaging Healthcare Co., Ltd.",Radiology,JAK
7/2/2020,K193252,Contour ProtegeAI,MIM Software Inc.,Radiology,QKB
7/2/2020,K192880,InferRead Lung CT.AI,"Beijing Infervision Technology Co.,Ltd.",Radiology,OEB
6/26/2020,K200760,Rapid ASPECTS,iSchemaView Inc.,Radiology,POK
6/24/2020,K200855,CINA,AVICENNA.AI,Radiology,QAS
6/23/2020,K200232,LVivo Software Application,DiA Imaging Analysis Ltd,Radiology,QIH
6/19/2020,K193298,BriefCase,"Aidoc Medical, Ltd.",Radiology,QAS
6/17/2020,K200921,qER,Qure.ai Technologies,Radiology,QAS
6/17/2020,K193290,AI-Rad Companion Brain MR,"Siemens Medical Solutions USA, Inc.",Radiology,LLZ
6/11/2020,K200356,MEDO ARIA,Medo.ai,Radiology,QIH
6/11/2020,K200980,Auto 3D Bladder Volume Tool,"Butterfly Network, Inc.",Radiology,IYO
6/3/2020,K200974,QLAB Advanced Quantification Software,Philips Healthcare,Radiology,QIH
6/1/2020,K192601,uWS-MR,"Shanghai United Imaging Healthcare Co., Ltd",Radiology,QIH
5/14/2020,K201034,Syngo.CT CaScoring,"Siemens Medical Solutions USA, Inc.",Radiology,JAK
5/12/2020,K192901,HealthVCF,Zebra Medical Vision Ltd.,Radiology,QFM
5/5/2020,K193176,uMR 780,"Shanghai United Imaging Healthcare Co., Ltd",Radiology,LNH
5/5/2020,K193220,AVIEW LCS,"Coreline Soft Co., Ltd",Radiology,LLZ
5/1/2020,K201012,"EPIQ Diagnostic Ultrasound System Series, Affiniti Diagnostic Ultrasound System Series, CX50 Diagnostic Ultrasound System, Sparq Diagnostic Ultrasound System, Lumify Diagnostic Ultrasound System","Philips Ultrasound, Inc.",Radiology,IYN
4/21/2020,K193351,NinesAI,"Nines, Inc.",Radiology,QAS
4/16/2020,K200755,Caption Guidance,Caption Health,Radiology,QJU
4/13/2020,K192167,CuraRad-ICH,CuraCloud Corp.,Radiology,QAS
4/10/2020,K193282,SIGNA Premier,"GE Healthcare (GE Medical Systems, LLC)",Radiology,LNH
4/8/2020,K193300,AIMI-Triage CXR PTX,"RADLogics, Inc.",Radiology,QFM
3/31/2020,K193087,Rapid ICH,iSchemaView Incorporated,Radiology,QAS
3/26/2020,K193518,KOSMOS,"EchoNous, Inc.",Radiology,IYN
3/26/2020,K192732,BodyGuardian Remote Monitoring System,"Preventice Technologies, Inc.",Cardiovascular,DSI
3/25/2020,K192854,MammoScreen,Therapixel,Radiology,QDQ
3/25/2020,K192437,Arterys MICA,Arterys Inc.,Radiology,QIH
3/20/2020,K193281,Hepatic VCAR,GE Medical Systems SCS,Radiology,JAK
3/20/2020,K200036,AI-ECG Tracker,"Shenzhen Carewell Electronics Co., Ltd.",Cardiovascular,DPS
3/18/2020,K193658,Viz ICH,"Viz.ai, Inc.",Radiology,QAS
3/16/2020,K193267,Al-Rad Companion (Musculoskeletal),"Siemens Medical Solutions USA, Inc.",Radiology,JAK
3/12/2020,K192388,SonoVision Ultrasound Imaging System,"Tissue Differentiation Intelligence, LLC",Radiology,IYN
3/9/2020,K192574,"Vantage Galan 3T, MRT-3020, V6.0 with AiCE Reconstruction Processing Unit for MR",Canon Medical Systems Corporation,Radiology,LNH
3/9/2020,K193216,syngo.CT Lung CAD,"Siemens Medical Solutions, Inc",Radiology,OEB
3/5/2020,K193229,Transpara,ScreenPoint Medical B.V.,Radiology,QDQ
3/4/2020,K191550,Broncholab,Fluidda Inc.,Radiology,JAK
2/28/2020,K192962,icobrain-ctp,Icometrix NV,Radiology,LLZ
2/28/2020,K191928,AccuContour,Xiamen Manteia Technology LTD.,Radiology,QKB
2/28/2020,K191556,Red Dot,Behold.AI Technologies Limited,Radiology,QFM
2/21/2020,K192832,Aquilion Prime SP (TSX-303B8) V10.2 with AiCE-i,Canon Medical Systems Corporation,Radiology,JAK
2/19/2020,K192973,densitas densityai,"Densitas, Inc.",Radiology,LLZ
2/14/2020,K193248,"Biograph Vision, Biograph mCT Family of PET/CTs","Siemens Medical Solutions USA, Inc",Radiology,KPS
2/13/2020,K192828,Aquilion ONE (TSX-306A/3) V10.0 with Spectral Imaging System,Canon Medical Systems Corporation,Radiology,JAK
2/12/2020,K193178,Biograph Horizon,"Siemens Medical Solution USA, Inc.",Radiology,KPS
2/10/2020,K192377,"Ethos Treatment Management, Ethos Treatment Planning, Ethos Radiotherapy System, Halcyon","Varian Medical Systems, Inc.",Radiology,IYE
2/7/2020,DEN190040,Caption Guidance,"Bay Labs, Inc.",Radiology,QJU
1/24/2020,K193109,MRCAT brain,Philips Medical Systems MR Finland,Radiology,MUJ
1/17/2020,K192415,Study Watch with Irregular Pulse Monitor,Verily Life Sciences LLC,Cardiovascular,DXH
1/16/2020,K192956,Auto Positioning,"GE Hangwei Medical Systems, Co., Ltd.",Radiology,JAK
1/15/2020,K192004,Eko Analysis Software,Eko Devices Inc,Cardiovascular,MWI
1/15/2020,K191125,ADAS 3D,Galgo Medical S.L,Radiology,LLZ
1/2/2020,K183089,Air Next,NuvoAir AB,Anesthesiology,BZG
12/20/2019,K192383,BriefCase,"Aidoc Medical, Ltd.",Radiology,QAS
12/20/2019,K191647,QLAB Advanced Quantification Software,Philips Healthcare,Radiology,QIH
12/17/2019,K192763,syngo.CT CaScoring,"Siemens Medical Solutions USA, Inc.",Radiology,JAK
12/13/2019,K193170,Deep Learning Image Reconstruction,GE Healthcare Japan Corporation,Radiology,JAK
12/13/2019,K192531,QyScore Software,Qynapse,Radiology,LLZ
12/13/2019,K192130,Icobrain,Icometrix NV,Radiology,LLZ
12/11/2019,K192571,NemoScan,Software Nemotec S.L.,Radiology,LLZ
12/10/2019,K192287,Transpara,Screenpoint Medical B.V.,Radiology,QDQ
12/9/2019,K192442,FFRangio,CathWorks Ltd,Cardiovascular,QEK
12/7/2019,K192279,PhantomMSK Trauma,OrthoGrid Systems Inc.,Radiology,LLZ
11/27/2019,K192945,7D Surgical System Cranial Biopsy and Ventricular Catheter Placement Application,7D Surgical Inc.,Neurology,HAW
11/26/2019,K192320,HealthCXR,"Zebra Medical Vision, Ltd.",Radiology,QFM
11/25/2019,K190529,SOZO,ImpediMed Limited,Cardiovascular,QJB
11/19/2019,K191278,RSI-MRI+,MultiModal Imaging Services Corporation (dba HealthLytix),Radiology,LLZ
11/13/2019,K191171,EchoGo Core,Ultromics Ltd,Radiology,QIH
11/7/2019,K191026,MEDIP PRO,"MEDICALIP Co., Ltd",Radiology,LLZ
11/5/2019,K190868,Cleerly Labs,Cleerly Inc,Radiology,LLZ
11/5/2019,K192109,KOALA,IB Lab GmbH,Radiology,LLZ
11/4/2019,K190013,WellDoc BlueStar,"WellDoc, Inc.",General Hospital,MRZ
11/1/2019,K190334,MIMOSA Imager,MIMOSA Diagnostics Inc,Cardiovascular,MUD
11/1/2019,K190898,Sight OLO,Sight Diagnostics Ltd.,Hematology,GKZ
10/18/2019,K183274,"RTHawk, HeartVista Cardiac Package","HeartVista, Inc.",Radiology,LNH
10/17/2019,K192455,Merge PACS,Merge Healthcare Incorporated,Radiology,LLZ
10/16/2019,K191493,Ventripoint Medical System Plus (VMS+) 3.0,"Ventripoint Diagnostics, Ltd.",Radiology,LLZ
10/4/2019,K191713,CS-series-FP Radiographic / Fluoroscopic Systems with Optional CA-100S / FluoroShield™ (ROI Assembly),"Omega Medical Imaging, LLC",Radiology,JAA
10/4/2019,K191994,ProFound AI Software V2.1,iCAD Inc.,Radiology,QDQ
9/18/2019,K192065,Syngo.Via RT Image Suite,"Siemens Medical Solutions USA, Inc.",Radiology,MUJ
9/16/2019,K191688,SubtleMR,"Subtle Medical, Inc.",Radiology,LLZ
9/13/2019,K192304,SIS Software Version 3.6.0,"Surgical Information Sciences, Inc.",Radiology,LLZ
9/11/2019,K183370,PeraMobile and PeraWatch,"PeraHealth, Inc.",Cardiovascular,MWI
9/11/2019,K190815,BrainScope TBI,"BrainScope Company, Inc.",Neurology,PIW
9/10/2019,K183268,AI-Rad Companion (Cardiovascular),"Siemens Medical Solutions USA, Inc.",Radiology,JAK
9/4/2019,K191179,Myo Plus,Otto Bock Healthcare Products GmbH,Neurology,GXY
8/29/2019,K183489,D2P,"3D Systems, Inc.",Radiology,LLZ
8/29/2019,K192107,Clarius Ultrasound Scanner,Clarius Mobile Health Corp.,Radiology,IYN
8/23/2019,K190593,"Zio XT ECG Monitoring System, Zio AT ECG Monitoring System","iRhythm Technologies, Inc.",Cardiovascular,DQK
8/15/2019,K190925,HeartFlow FFRct Analysis,"HeartFlow, Inc.",Cardiovascular,PJA
8/15/2019,K183282,Biovitals Analytics Engine,Biofourmis Singapore Pte. Ltd,Cardiovascular,PLB
8/12/2019,K183182,Critical Care Suite,"GE Medical Systems, LLC.",Radiology,QFM
8/5/2019,K191262,aBSI,EXINI Diagnostics AB,Radiology,LLZ
7/31/2019,K191183,EyeBOX,"Oculogica, Inc.",Neurology,QEA
7/26/2019,K182384,ACR  LAB Urine Analysis Test System,Healthy.io Ltd,Clinical Chemistry,JFY
7/26/2019,K183271,AI-Rad Companion (Pulmonary),"Siemens Medical Solutions USA, Inc.",Radiology,JAK
7/19/2019,K182798,KIDScore D3,Vitrolife A/S,Obstetrics and Gynecology,PBH
7/18/2019,K191370,DreaMed Advisor Pro,DreaMed Diabetes Ltd,Clinical Chemistry,QCC
7/12/2019,K191585,iNtuition-Structural Heart Module,TeraRecon Inc.,Radiology,LLZ
7/10/2019,K182875,DeepCT,Deep01 Limited,Radiology,QAS
7/10/2019,K183322,physIQ Heart Rhythm and Respiratory Module,"physIQ, Inc",Cardiovascular,DPS
7/8/2019,K191384,RayCare 2.3,RaySearch Laboratories AB (publ),Radiology,MUJ
7/5/2019,K182901,Aquilion Precision (TSX-304A/1 and /2) V8.8 with AiCE,Canon Medical Systems Corporation,Radiology,JAK
7/3/2019,K190442,Koios DS for Breast,"Koios Medical, Inc.",Radiology,POK
6/27/2019,K190017,LiverMultiScan (LMSv3),Perspectum Diagnostics Ltd,Radiology,LNH
6/25/2019,K191194,CLARUS,"Carl Zeiss Meditec, Inc",Ophthalmic,QER
6/19/2019,K190387,RayStation,RaySearch Laboratories AB (publ),Radiology,MUJ
6/13/2019,K183460,ClariCT.AI,ClariPI Inc.,Radiology,LLZ
6/13/2019,K190424,HealthICH,Zebra Medical Vision Ltd.,Radiology,QAS
6/12/2019,K183046,Aquilion ONE (TSX-305A/6) V8.9 with AiCE,Canon Medical Systems Corporation,Radiology,JAK
5/31/2019,K190896,BriefCase,"Aidoc Medical, Ltd.",Radiology,QAS
5/24/2019,K191083,COMPLETE CONTROL System Gen2,"Coapt, LLC",Neurology,GXY
5/21/2019,K183646,"Acumen Hypotension Prediction Index – EV1000 Clinical Platform, Acumen Hypotension Prediction Index – HemoSphere Advanced Monitoring Platform, Acumen Hypotension Prediction Index – HemoSphere Advanced Monitoring Platform - Pressure","Edwards Lifeciences, LLC",Cardiovascular,QAQ
5/15/2019,K183648,APAS Independence with Urine Analysis Module,Clever Culture Systems AG,Microbiology,PPU
5/13/2019,K190764,SurgicalAR,"MEDIVIS, Inc.",Radiology,LLZ
5/6/2019,K190362,HealthPNX,Zebra Medical Vision  Ltd.,Radiology,QFM
4/22/2019,K182513,FluChip-8G Influenza A+B Assay,"InDevR, Inc.",Microbiology,OZE
4/18/2019,K183593,Lung Vision System,Body Vision Medical Ltd.,Radiology,LLZ
4/17/2019,K181988,eMurmur ID,CSD Labs GmbH,Cardiovascular,DQD
4/15/2019,K190072,BriefCase,"Aidoc Medical, Ltd.",Radiology,QAS
4/12/2019,K183202,Deep Learning Image Reconstruction,"GE Medical Systems, LLC.",Radiology,JAK
4/8/2019,K183204,Bone VCAR (BVCAR),GE Medical Systems SCS,Radiology,JAK
3/29/2019,K181352,Loop System,"Spry Health, Inc.",Cardiovascular,DQA
3/19/2019,K183019,SIS Software version 3.3.0,"Surgical Information Sciences, Inc.",Radiology,LLZ
3/11/2019,K181823,KardiaAI,"AliveCor, Inc.",Cardiovascular,DQK
3/8/2019,K183285,cmTriage,"CureMetrix, Inc",Radiology,QFM
3/7/2019,K182344,RhythmAnalytics,Biofourmis Singapore Pte. Ltd.,Cardiovascular,DQK
2/16/2019,K183704,RX-1 Rhythm Express Remote Cardiac Monitoring System,VivaQuant Inc.,Cardiovascular,DXH
2/4/2019,K181916,d-Nav System,"Hygieia, Inc",Anesthesiology,NDC
2/1/2019,K183272,AI Rad Companion (Engine),"Siemens Medical Solutions USA, Inc.",Radiology,LLZ
1/18/2019,K183231,SIGNA Premier,"GE Medical Systems, LLC",Radiology,LNH
1/17/2019,K182456,Study Watch,Verily Life Sciences LLC,Cardiovascular,DXH
1/9/2019,K183133,MRCP+ v1.0,Perspectum Diagnostics Ltd,Radiology,LLZ
12/28/2018,DEN170091,EyeBOX,"Oculogica, Inc.",Neurology,QEA
12/28/2018,K180867,AmCAD-UO,AmCad BioMed Corporation,Radiology,LLZ
12/27/2018,K182564,Quantib ND,Quantib BV,Radiology,LLZ
12/27/2018,K182130,iSchemaView RAPID,"iSchemaView, Inc.",Radiology,LLZ
12/21/2018,K183012,vascuCAP,Elucid Bioimaging Inc.,Radiology,LLZ
12/20/2018,K181861,Embrace,Empatica Srl,Neurology,POS
12/19/2018,K182149,FFRangio System,CathWorks Ltd,Cardiovascular,QEK
12/14/2018,K182790,Cardio-TriTest v6.5,Cardio-Phoenix Inc.,Cardiovascular,DPS
12/14/2018,K182419,Centricity Universal Viewer,GE Healthcare,Radiology,LLZ
12/6/2018,K182373,PowerLook Tomo Detection V2 Software,iCAD Inc.,Radiology,QDQ
12/6/2018,K173749,AMRA Profiler,AMRA Medical AB,Radiology,LNH
12/6/2018,K182035,FFRct,"HeartFlow, Inc",Cardiovascular,PJA
11/30/2018,K182336,SubtlePET,"Subtle Medical, Inc.",Radiology,KPS
11/30/2018,K182218,FerriSmart Analysis System,Resonance Health Analysis Services Pty Ltd,Radiology,PCS
11/29/2018,K182181,Persyst 14 EEG Review and Analysis Software,Persyst Development Corporation,Neurology,OMB
11/21/2018,K181704,Transpara,ScreenPoint Medical BV,Radiology,QDQ
11/20/2018,K181247,Vitrea CT Brain Perfusion,"Vital Images, Inc.",Radiology,LLZ
11/19/2018,K180432,AI-ECG Platform,"Shenzhen Carewell Electronics., Ltd",Cardiovascular,DQK
11/16/2018,K180343,"LensHooke X1 Pro Semen Quality Analyzer, LensHooke X1 Semen Quality Analyzer","Bonraybio Co., Ltd.",Hematology,POV
11/6/2018,K181939,icobrain,icometrix NV,Radiology,LLZ
11/5/2018,K181288,Athelas One,Athelas Inc.,Hematology,GKZ
11/2/2018,K182616,"NvisionVLE Imaging System, NvisionVLE Optical Probe, NvisionVLE Inflation System","NinePoint Medical, Inc.",Radiology,NQQ
10/26/2018,K182177,Accipiolx,MaxQ-Al Ltd.,Radiology,QAS
10/25/2018,K181685,"Vivid E80, Vivid E90, Vivid E95","GE Medical Systems Ultrasound and Primary Care Diagnostics,",Radiology,IYN
10/17/2018,K182034,Arterys MICA,Arterys Inc.,Radiology,LLZ
10/9/2018,K181892,Ziostation2,"Ziosoft, Inc.",Radiology,LLZ
10/5/2018,K182112,Sense System with IBT Electrodes,"Infinite Biomedical Technologies, LLC",Neurology,GXY
9/28/2018,K181771,RightEye Vision System,"RightEye, LLC",Neurology,GWN
9/28/2018,K173872,FibriCheck,Qompium nv,Cardiovascular,DXH
9/21/2018,K182310,Volpara Imaging Software,Volpara Health Technologies Limited,Radiology,LLZ
8/29/2018,K181502,"Zio AT ECG Monitoring System, ZEUS System","iRhythm Technologies, Inc.",Cardiovascular,DQK
8/1/2018,K180647,BriefCase,"Aidoc Medical, Ltd.",Radiology,QAS
7/23/2018,K173444,Quantitative Total Extensible Imaging (QTxI),"AIQ Solutions, Inc.",Radiology,LLZ
7/18/2018,K173327,DIP/U.S. Urine Analysis Test System,Healthy.io Ltd,Clinical Chemistry,JIL
7/10/2018,K181572,Workflow Box,Mirada Medical Ltd.,Radiology,QKB
7/10/2018,K181574,Uscan,"EchoNous, Inc.",Radiology,IYO
6/29/2018,K180038,NuVasive Pulse System,"NuVasive, Incorporated",Neurology,OLO
6/26/2018,K173574,DenSeeMammo,Statlife,Radiology,LLZ
6/14/2018,K173780,EchoMD Automated Ejection Fraction Software,"Bay Labs, Inc.",Radiology,LLZ
6/13/2018,K172983,HealthCCS,Zebra Medical Vision Ltd.,Radiology,JAK
6/12/2018,DEN170043,DreaMed Advisor Pro,"DreaMed Diabetes, Ltd.",Clinical Chemistry,QCC
6/5/2018,K173821,LungQ Software,Thirona Corporation,Radiology,JAK
5/25/2018,K180163,TransEnterix Senhance Surgical System,"TransEnterix, Inc.",Gastroenterology-Urology,NAY
5/24/2018,DEN180005,OsteoDetect,"Imagen Technologies, Inc.",Radiology,QBS
5/14/2018,K180799,Clarius Ultrasound Scanner,Clarius Mobile Health Corp.,Radiology,IYN
5/14/2018,K173810,Ventripoint Medical System Plus (VMS+),"Ventripoint Diagnostics, Ltd.",Radiology,IYN
5/2/2018,K180599,Venue,"GE Medical Systems Ultrasound and Primary Care Diagnostics,",Radiology,IYN
5/1/2018,K172959,PeraServer and PeraTrend,"PeraHealth, Inc.",Cardiovascular,MWI
4/20/2018,K180161,Viz CTP,"Viz.ai, Inc.",Radiology,LLZ
4/16/2018,K180126,SOZO,ImpediMed Limited,Cardiovascular,OBH
4/11/2018,DEN180001,IDx-DR,"IDx, LLC",Ophthalmic,PIB
4/5/2018,K180589,DR 800 with MUSICA Dynamic,Agfa HealthCare N.V.,Radiology,JAA
3/16/2018,DEN160044,Acumen Hypotension Prediction Index (HPI) Feature Software,Edwards Lifesciences LLC,Cardiovascular,QAQ
3/15/2018,K173839,Tissue of Origin Test Kit-FFPE,"Cancer Genetics, Inc.",Clinical Tcxicology,OIW
3/9/2018,K173939,Quantib Brain,Quantib BV,Radiology,LLZ
3/8/2018,K173605,iQMR,Medic Vision - Imaging Solutions Ltd,Radiology,LLZ
2/23/2018,K170540,DM-Density,"Densitas, Inc.",Radiology,LLZ
2/13/2018,DEN170073,ContaCT,"Viz.Al, Inc.",Radiology,QAS
2/8/2018,K180091,UNiD Spine Analyzer,Medicrea International,Radiology,LLZ
1/25/2018,K173542,Arterys Oncology DL,Arterys Inc.,Radiology,LLZ
1/12/2018,K173588,Illumeo System,"Philips Medical Systems Technologies, Ltd.",Radiology,LLZ
1/11/2018,K171122,CEREC Ortho Software,Dentsply Sirona,Dental,PNN
1/8/2018,K171328,cNeuro cMRI,Combinostics Oy,Radiology,LLZ
1/4/2018,K171056,WAVE Clinical Platform,"Excel Medical Electronics, LLC",Cardiovascular,MWI
12/27/2017,K173420,Radiomics App v1.0,Microsoft Corp.,Radiology,LLZ
12/22/2017,K172507,SOZO,ImpediMed Limited,Cardiovascular,DSB
11/7/2017,K163694,"Rooti Rx ECG Event Recorder, Rooti Link APP Software",Rooti Labs Ltd.,Cardiovascular,DRG
10/27/2017,K172803,Infinitt PACS 7.0,"Infinitt Healthcare Co.,Ltd.",Radiology,LLZ
10/20/2017,K163623,Quantra,"HOLOGIC, INC.",Radiology,LLZ
9/27/2017,K171936,Peerbridge Cor(TM) System,Peerbridge Health INc.,Cardiovascular,DSH
9/15/2017,K172356,BladderScan Prime PLUS System,Verathon Incorporated,Radiology,IYO
9/14/2017,K172385,Clarius Ultrasound System,Clarius Mobile Health Corp.,Radiology,IYN
9/7/2017,K170981,NeuroQuant,"CorTechs Labs, Inc",Radiology,LLZ
8/17/2017,K163339,SPECTRALMD DEEPVIEW WOUND IMAGING SYSTEM 2.0,"SPECTRALMD, INC.",Cardiovascular,DPT
8/11/2017,K172122,SOZO,ImpediMed Limited,Cardiovascular,OBH
8/1/2017,K171315,Advanced RBC Application,Cella Vision AB,Hematology,JOY
7/19/2017,DEN170022,QuantX,"Quantitative Insights, Inc",Radiology,POK
6/26/2017,K170568,CardioLogs ECG Analysis Platform,Cardiologs Technologies,Cardiovascular,DPS
6/9/2017,K170747,syngo Application Software,"Siemens Medical Solutions, USA, Inc.",Radiology,LLZ
6/7/2017,K170250,SmartTarget,"SmartTarget, Ltd.",Radiology,LLZ
5/24/2017,K170172,UNiD Spine Analyzer,MEDICREA INTERNATIONAL,Radiology,LLZ
5/11/2017,K163622,Lung Vision,BODY VISION MEDICAL LTD.,Radiology,LLZ
5/5/2017,K163665,MATRx plus,Zephyr Sleep Technologies,Anesthesiology,MNR
4/26/2017,K170069,AmCAD-UV,AmCad BioMed Corporation,Radiology,LLZ
4/6/2017,DEN160026,23andMe Personal Genome Service (PGS) Genetic Health Risk Test for Hereditary Thrombophilia,"23andMe, Inc.",Immunology,PTA
3/31/2017,K162627,EnsoSleep,"EnsoData, Inc.",Neurology,OLZ
2/23/2017,K162855,Reveal LINQ,"Medtronic, Inc.",Cardiovascular,MXD
2/14/2017,K162830,SIS Software,"Surgical Information Sciences, Inc.",Radiology,LLZ
1/6/2017,K163013,Quantib Brain 1.2,Quantib BV,Radiology,LLZ
1/5/2017,K163253,Arterys Cardio DL,ARTERYS INC.,Radiology,LLZ
12/28/2016,K161959,ClearView cCAD,ClearView Diagnostics Inc.,Radiology,LLZ
12/7/2016,K161322,CT CoPilot,"ZEPMED, LLC.",Radiology,LLZ
11/30/2016,K163138,Clarius Ultrasound System,Clarius Mobile Health Corp.,Radiology,IYN
11/30/2016,K161834,One Drop Blood Glucose Monitoring System,"AgaMatrix, Inc.",Clinical Chemistry,NBW
11/9/2016,P150043,QVCAD System,"QView Medical, Inc.",Radiology,MYN
10/19/2016,K160401,Tyto Stethoscope,Tyto Care Ltd.,Cardiovascular,DQD
9/22/2016,K161068,Ahead 300,BRAINSCOPE COMPANY INC,Neurology,PIW
9/19/2016,K161625,PixelShine,ALGOMEDICA,Radiology,LLZ
9/9/2016,K161201,ClearRead CT,"RIVERAIN TECHNOLOGIES, LLC",Radiology,OEB
8/24/2016,K161772,FFRct,"HEARTFLOW, INC.",Cardiovascular,PJA
8/9/2016,K161148,icobrain,Icometrix,Radiology,LLZ
8/5/2016,K160338,Triton System,GAUSS SURGICAL INC.,General Hospital,PBZ
7/28/2016,K161382,LVivo Software Application,"DIACARDIO, LTD.",Radiology,LLZ
7/15/2016,K160016,Steth IO,"STRATOSCIENTIFIC, INC.",Cardiovascular,DQD
7/7/2016,K160088,Cydar EV,Cydar Ltd.,Radiology,OWB
6/17/2016,K153351,Quantib Brain 1,QUANTIB BV,Radiology,LLZ
1/13/2016,K152733,FFRct,"HEARTFLOW, INC.",Cardiovascular,PJA
1/7/2016,K153427,Volpara Imaging Software,Matakina Technology LTD,Radiology,LLZ
12/21/2015,K150817,Dario Blood Glucose Monitoring System,LabStyle Innovations Ltd.,Clinical Chemistry,NBW
11/5/2015,K150102,SnoreSounds,"APPIAN MEDICAL, INC.",Anesthesiology,MNR
6/11/2015,K142512,Personalized Physiology Analytics Engine software,"VGBio, Inc (DBA PhysIQ)",Cardiovascular,PLB
5/15/2015,K143643,Brainscope Ahead 200,"BRAINSCOPE COMPANY, INC.",Neurology,PIW
4/24/2015,K142918,EndoTool SubQ,MONARCH MEDICAL TECHNOLOGIES,Anesthesiology,NDC
2/27/2015,K141922,IRIS INTELLIGENT RETINAL IMAGING SYSTEM,"INTELLIGENT RETINAL IMAGING SYSTEMS, LLC",Radiology,NFJ
11/17/2014,DEN140025,BrainScope Ahead 100,"BRAINSCOPE COMPANY, INC",Neurology,PIW
10/10/2014,K142037,QUANTRA,"HOLOGIC, INC.",Radiology,LLZ
9/17/2014,K141069,Lung Density Analysis,IMBIO LLC,Radiology,JAK
8/22/2014,K141480,CVI42,CIRCLE CARDIOVASCULAR IMAGING INC,Radiology,LLZ
4/22/2014,K133649,HEPATIC VCAR,GE MEDICAL SYSTEMS SCS,Radiology,JAK
1/24/2014,K133259,YSIO MAX,"SIEMENS MEDICAL SOLUTIONS USA, INC.",Radiology,KPR
11/21/2013,K130831,MALDI BIOTYPER CA (MBT-CA) SYSTEM,"BRUKER DALTONICS, INC",Microbiology,PEX
8/21/2013,DEN130013,VITEK MS,"BIOMERIEUX, INC.",Microbiology,PEX
3/22/2013,K120771,UNICEL DXH 800 COULTER CELLULAR ANALYSIS SYSTEM,"BECKMAN COULTER, INC.",Hematology,GKZ
12/27/2012,K123526,CLEARREAD +CONFIRM,RIVERAIN TECHNOLOGIES,Radiology,LLZ
5/17/2012,K120489,TISSUE OF ORIGIN TEST KIT FFPE,"PATHWORK DIAGNOSTICS, INC.",Clinical Tcxicology,OIW
4/13/2012,K120161,ALPHAPOINT IMAGING SOFTWARE,"RADLOGICS, INC.",Radiology,LLZ
12/28/2011,K111776,DELTAVIEW MODEL 2.1,"RIVERAIN MEDICAL GROUP,LLC",Radiology,LLZ
9/16/2011,K102778,CELLAVISION DM1200 WITH THE BODY FLUID APPLICTION,CELLAVISION AB,Hematology,JOY
6/8/2010,K092967,PATHWORK TISSUE OF ORIGIN TEST KIT-FFPE (ORIGIN TEST KIT-FFPE,PATHWORK DIAGNOSTICS,Clinical Tcxicology,OIW
5/12/2010,K092116,EASYCELL CELL LOCATOR,MEDICA CORP.,Hematology,JOY
12/5/2008,K080595,CELLAVISION DM96 WITH THE BODY FLUID APPLICATION,CELLAVISION AB,Hematology,JOY
9/12/2008,K082483,QUANTRA,"HOLOGIC, INC.",Radiology,LLZ
7/30/2008,K080896,PATHWORK DIAGNOSTICS TISSUE OF ORIGIN TEST,"PATHWORK DIAGNOSTICS, INC.",Clinical Tcxicology,OIW
7/17/2008,K081140,VISENSIA,OBS MEDICAL,Cardiovascular,MHX
5/15/2008,K080762,"IB NEURO, VERSION 1.0","IMAGING BIOMETRICS, LLC",Radiology,LNH
10/27/2005,K043341,BIOPLEX 2200 ANA SCREEN WITH MEDICAL DECISION SUPPORT SOFTWARE FOR USE WITH BIOPLEX 2200 MULTI-ANALYTE DETECTION SYSTEM,"BIO-RAD LABORATORIES, INC.",Clinical Tcxicology,NVI
2/10/2004,K033840,CELLAVISION DM96 AUTOMATIC HEMATOLOGY ANALYZER,CELLAVISION AB,Hematology,JOY
3/15/2001,K003301,DIFFMASTER OCTAVIA AUTOMATIC HEMATOLOGY ANALYZER,CELLAVISION AB,Hematology,JOY
6/26/1998,P970058,M1000 IMAGECHECKER,"Hologic, Inc.",Radiology,MYN
3/11/1997,K955841,SLEEP SYSTEM FOR CLINICS & RESEARCH,COMPUMEDICS PTD LTD.,Anesthesiology,MNR
11/8/1995,P940029,PAPNET Testing System,"Neuromedical Systems, Inc.",Pathology,MNM
